Aff,Neg,Judges,Votes,Win
Liberty CL,Macalester PK,"Justin Green																																						Genevieve Hackman																																						Shae Bunas																																						Joshua Michael																																						Alaina Walberg","Neg																															Neg																															Aff																															Aff																															Neg","3-2																															NEG"
Georgetown CS,George Mason DF,"Dustin Meyers-Levy																																						jasmine stidham																																						Michael Harrington																																						Beau Larsen																																						Ec Powers","Aff																															Aff																															Neg																															Aff																															Aff","4-1																															AFF"
Michigan State GL,Binghamton CT,"Sam Gustavson																																						Storm Lasseter																																						Thomas Babcock																																						Bobby Phillips																																						Eric Lanning","Neg																															Neg																															Neg																															Neg																															Aff","4-1																															NEG"
Kentucky AM,Northwestern PS,"Geoff Lundeen																																						Jeff Nagel																																						Jason Regnier																																						Jenny Vazquez Torres																																						Jared DeMunbrun","Aff																															Neg																															Aff																															Aff																															Aff","4-1																															AFF"
Northwestern AL,Wake Forest BM,"Jimin Park																																						Carly Wunderlich																																						William Repko																																						Gabriel Morbeck																																						Michael Scott","Neg																															Neg																															Neg																															Neg																															Neg","5-0																															NEG"
Michigan ES,Kentucky GS,"Johnnie Stupek																																						Kevin McCaffrey																																						Viveth Karthikeyan																																						Zahir Shaikh																																						Henry Mitchell","Aff																															Aff																															Aff																															Aff																															Aff","5-0																															AFF"
Michigan State MM,Northwestern DR,"David Griffith																																						Brandon Kelley																																						Kevin Hirn																																						Tyler Vergho																																						Brett Bricker","Neg																															Neg																															Neg																															Neg																															Neg","5-0																															NEG"
NYU MS,West Georgia DK,"Thomas Buttgereit																																						DavidMichael Woodward																																						Vincent H. Li																																						Ana Bittner																																						Ryan Cavanaugh","Neg																															Neg																															Neg																															Neg																															Neg","5-0																															NEG"
Dartmouth BC,Wake Forest LS,"Kristiana Baez-Gustavson																																						Corey Fisher																																						Kristopher Wallen																																						Julian Kuffour																																						Sean Kennedy","Aff																															Aff																															Aff																															Neg																															Aff","4-1																															AFF"
Iowa AP,CSU Long Beach OM,"Kwudjwa Osei																																						Will Baker																																						Azja Butler																																						Jared Burke																																						LaToya Green","Neg																															Aff																															Neg																															Aff																															Neg","3-2																															NEG"
UC Berkeley MR,Emory LY,"Jeff Buntin																																						Anthony Trufanov																																						Scott Phillips																																						Zidao Wang																																						Nate Martin","Neg																															Neg																															Neg																															Neg																															Neg","5-0																															NEG"
Kansas HW,Michigan SS,"Jordan Di																																						Ethan Greer																																						Young Kwon																																						Christopher Callahan																																						Grace Kessler","Neg																															Neg																															Neg																															Neg																															Neg","5-0																															NEG"