Aff,Neg,Judges,Votes,Win,"Aff								Points","Neg								Points"
Binghamton CT,Michigan SS,"Storm Lasseter																																						Joshua Michael																																						Alaina Walberg","Aff																															Aff																															Aff","3-0																															AFF","ET. Louis																																																												29.7																																								29.7																																								29.5																																																																																								JCohn																																																												29.9																																								29.6																																								29.3","CShih																																																												29.6																																								29.3																																								29.4																																																																																								AShah																																																												29.3																																								29.0																																								29.2"
Central Oklahoma WS,Arizona State SS,"Mia Bonitto																																						Eleanor Tilmes																																						Shanara Reid-Brinkley","Neg																															Neg																															Neg","3-0																															NEG","LSmith																																																												28.5																																								28.5																																								28.7																																																																																								KWalker																																																												28.4																																								28.2																																								28.6","ASmith																																																												28.7																																								28.4																																								28.9																																																																																								ASaxena																																																												28.6																																								28.6																																								28.8"
North Texas JW,Iowa BW,"Iyana Trotman																																						Mark Kivimaki																																						Jesse Smith","Neg																															Neg																															Neg","3-0																															NEG","ZJones																																																												28.3																																								28.5																																								29.0																																																																																								JWofford																																																												28.6																																								28.6																																								28.9","RBilicki																																																												28.7																																								28.8																																								29.1																																																																																								NWeimar																																																												29.6																																								29.0																																								29.2"
Kansas State SS,Oklahoma AT,"Niko Sims																																						Deven Cooper																																						Samantha Godbey","Aff																															Aff																															Aff","3-0																															AFF","RSum																																																												28.7																																								29.3																																								28.9																																																																																								CSand																																																												28.8																																								29.0																																								29.0","LToro																																																												28.6																																								28.9																																								28.8																																																																																								BAsbury																																																												28.5																																								28.8																																								28.7"
Northwestern PS,Emory GH,"Christopher Callahan																																						Beau Larsen																																						Ryan Cavanaugh","Neg																															Neg																															Neg","3-0																															NEG","JPacconi																																																												29.0																																								29.0																																								28.7																																																																																								ASouchet																																																												28.9																																								28.9																																								28.8","MHecht																																																												29.1																																								29.3																																								29.3																																																																																								DGallagher																																																												29.3																																								29.6																																								29.5"
CSU Long Beach OM,Trinity KP,"Trevor Turner																																						Joe Schatz																																						Max Bugrov","Aff																															Aff																															Aff","3-0																															AFF","COrtega																																																												29.5																																								29.5																																								29.8																																																																																								DMedina																																																												29.6																																								29.6																																								29.9","RPatterson																																																												28.8																																								28.4																																								28.8																																																																																								BKing																																																												28.9																																								28.3																																								28.7"
Kansas LS,Southern California BrRe,"Kristiana Baez-Gustavson																																						Will Baker																																						Jeremy Santora","Aff																															Aff																															Aff","3-0																															AFF","LSchultz																																																												29.4																																								29.8																																								29.8																																																																																								RLarson																																																												29.3																																								29.4																																								29.7","TReese																																																												29.0																																								29.3																																								29.1																																																																																								CBradley																																																												29.1																																								29.2																																								29.0"
Missouri State KB,Wyoming CH,"Genevieve Hackman																																						Ed Williams																																						Anthony Davila","Aff																															Aff																															Neg","2-1																															AFF","CBurns																																																												28.7																																								28.7																																								28.2																																																																																								AKimmerle																																																												28.8																																								28.6																																								28.3","JCampbell																																																												28.6																																								28.5																																								28.4																																																																																								JHawley																																																												28.4																																								28.4																																								28.5"
Northern Iowa DV,Oklahoma SW,"Corey Fisher																																						Nahali Tittle																																						Michael Swidecki","Neg																															Neg																															Neg","3-0																															NEG","KVan Buren																																																												28.8																																								28.6																																								28.5																																																																																								BDoyle																																																												28.7																																								28.5																																								28.4","SWaheed																																																												29.1																																								28.8																																								28.8																																																																																								BSmith																																																												29.2																																								28.7																																								28.9"
Northwestern DR,Dartmouth BC,"Bennett Dombcik																																						Matthew Granstrom																																						Owen Phoenix-Flood","Neg																															Neg																															Neg","3-0																															NEG","ADeo																																																												29.2																																								29.6																																								29.3																																																																																								VRubin																																																												29.1																																								29.4																																								29.0","HBald																																																												29.3																																								29.5																																								29.4																																																																																								NCai																																																												29.4																																								29.7																																								29.5"
Michigan BP,Liberty CL,"Solomon Watson																																						Armands Revelins																																						Tommy Jordan","Aff																															Aff																															Aff","3-0																															AFF","EBarrett																																																												29.5																																								29.5																																								29.2																																																																																								JPark																																																												29.4																																								29.4																																								29.3","JCunningham																																																												29.3																																								29.1																																								28.9																																																																																								ELayton																																																												29.2																																								28.8																																								28.6"
Kansas MR,UTD HR,"William Coltzer																																						AJ Byrne																																						Josiah Ferguson","Aff																															Aff																															Aff","3-0																															AFF","JMarshall																																																												29.5																																								29.8																																								29.5																																																																																								GRevare																																																												29.4																																								29.9																																								29.4","CHale																																																												28.8																																								29.4																																								29.1																																																																																								SRavi																																																												28.9																																								29.5																																								29.2"
Emory LY,West Georgia DK,"Allegro Wang																																						Ana Bittner																																						Scott Phillips","Aff																															Neg																															Neg","2-1																															NEG","CYang																																																												28.7																																								29.0																																								29.5																																																																																								LLobo																																																												28.9																																								28.9																																								29.3","JKeller																																																												29.0																																								29.5																																								29.6																																																																																								SDal Pra																																																												28.8																																								29.4																																								29.4"
Michigan State GL,Southern California BhRa,"Jimin Park																																						Anthony Trufanov																																						Gabriel Morbeck","Aff																															Neg																															Aff","2-1																															AFF","JGusis																																																												29.2																																								29.3																																								29.6																																																																																								SLewis																																																												29.0																																								29.2																																								29.4","ABhadani																																																												28.8																																								29.4																																								29.2																																																																																								RRahman																																																												28.9																																								29.6																																								29.3"
Texas AF,Macalester PK,"Nick Lepp																																						jasmine stidham																																						Shae Bunas","Neg																															Aff																															Neg","2-1																															NEG","RAnderson																																																												29.8																																								29.6																																								29.1																																																																																								LFeinstein																																																												29.7																																								29.8																																								29.3","SPrice																																																												30.0																																								29.7																																								29.4																																																																																								WKochel																																																												29.9																																								29.5																																								29.2"
Kansas HW,Georgetown CS,"William Jensen																																						Joey Tarnowski																																						Henry Mitchell","Neg																															Neg																															Neg","3-0																															NEG","EHarris																																																												29.0																																								28.9																																								29.2																																																																																								JWilkus																																																												28.9																																								28.8																																								29.4","CCowan																																																												29.3																																								29.3																																								29.7																																																																																								BSayers																																																												29.1																																								29.2																																								29.3"
Georgia IP,Houston DF,"Geoff Lundeen																																						Nathan Rothenbaum																																						Julian Kuffour","Neg																															Neg																															Aff","2-1																															NEG","PIppagunta																																																												29.1																																								29.0																																								29.3																																																																																								APotdar																																																												29.0																																								29.1																																								29.4","AFernandez																																																												29.2																																								29.3																																								29.2																																																																																								HDoratt																																																												28.8																																								29.2																																								29.1"
Kentucky AM,UTD KP,"Valerie McIntosh																																						Tim Freehan																																						Nate Martin","Aff																															Aff																															Aff","3-0																															AFF","JAdam																																																												29.5																																								29.4																																								29.5																																																																																								LMcBlain																																																												29.6																																								29.3																																								29.6","AKarchmer																																																												28.8																																								28.9																																								29.1																																																																																								RPenumetcha																																																												28.9																																								29.0																																								29.2"
Emory CP,Kentucky GS,"Grace Blackwell																																						Brett Bricker																																						Nick Fleming","Neg																															Neg																															Neg","3-0																															NEG","BPiekut																																																												29.1																																								29.2																																								29.3																																																																																								CConry																																																												29.2																																								29.0																																								29.0","AGabay																																																												28.9																																								29.3																																								29.4																																																																																								RSlish																																																												29.3																																								28.9																																								29.2"
Kentucky RS,George Mason DF,"Jeff Nagel																																						Thomas Buttgereit																																						Vontrez White","Neg																															Neg																															Aff","2-1																															NEG","AStockstill																																																												28.9																																								29.2																																								29.4																																																																																								JRimpson																																																												29.0																																								29.1																																								29.5","JFuchs																																																												29.1																																								28.8																																								29.2																																																																																								ADavis																																																												29.3																																								29.7																																								29.3"
NYU MS,UC Berkeley TB,"Kenji Aoki																																						John Turner																																						Jared Burke","Aff																															Aff																															Aff","3-0																															AFF","EMakinde																																																												29.5																																								29.2																																								29.4																																																																																								VSaigal																																																												29.3																																								29.1																																								29.3","TTsan																																																												29.2																																								28.9																																								29.1																																																																																								IBoguslavsky																																																												29.4																																								29.0																																								29.2"
UC Berkeley MR,Michigan ES,"Shannon Howley																																						Bobby Phillips																																						Joe Weideman","Neg																															Neg																															Aff","2-1																															NEG","EMenotti																																																												29.1																																								28.6																																								29.3																																																																																								RReichel																																																												29.2																																								28.7																																								29.4","CEsmailzadeh																																																												29.4																																								29.0																																								29.2																																																																																								RShetty																																																												29.3																																								28.8																																								29.0"
Northwestern AL,Iowa AP,"Chad Meadows																																						Ned Gidley																																						Rob Glass","Neg																															Neg																															Neg","3-0																															NEG","BArney																																																												29.3																																								28.9																																								29.0																																																																																								ALundberg																																																												29.1																																								29.0																																								28.7","GParfenoff																																																												29.2																																								29.1																																								29.3																																																																																								SAnderson McElligott																																																												29.5																																								29.3																																								29.4"
Michigan State MM,Southwestern SS,"Allison Pujol																																						Sam Gustavson																																						DJ Williams","Aff																															Aff																															Aff","3-0																															AFF","TMiklovis																																																												29.5																																								29.4																																								29.0																																																																																								BMontford																																																												29.6																																								29.3																																								29.1","KSanchez																																																												28.9																																								28.9																																								28.6																																																																																								ASanchez																																																												29.0																																								29.0																																								28.5"
James Madison CP,Fullerton MM,"Michael Hester																																						Derek Hilligoss																																						Caitlin Walrath","Neg																															Neg																															Neg","3-0																															NEG","EPelletier																																																												28.6																																								28.3																																								28.9																																																																																								MConway																																																												28.9																																								28.4																																								29.0","DMartinez																																																												28.7																																								28.5																																								29.1																																																																																								JMeza																																																												28.8																																								28.6																																								29.2"
Harvard DS,West Point OS,"Abhis Sedhai																																						Lawson Hudson																																						Adam Lipton","Aff																															Aff																															Aff","3-0																															AFF","NDeshpande																																																												29.2																																								29.1																																								29.0																																																																																								ASridharan																																																												29.1																																								29.2																																								28.9","DOpron																																																												28.9																																								29.0																																								28.6																																																																																								JSong																																																												28.8																																								28.9																																								28.5"
Wake Forest LS,James Madison RB,"Devane Murphy																																						DavidMichael Woodward																																						Michael Harrington","Neg																															Aff																															Aff","2-1																															AFF","ELeverett																																																												28.6																																								29.5																																								29.1																																																																																								RSencion																																																												28.8																																								29.6																																								29.2","JBalda																																																												28.7																																								29.4																																								28.8																																																																																								RRinehart																																																												29.1																																								29.3																																								29.0"
Harvard AB,George Mason WR,"Dustyn Beutelspacher																																						David Sposito																																						Kristopher Wallen","Neg																															Neg																															Aff","2-1																															NEG","SAoki																																																												28.6																																								28.9																																								29.5																																																																																								JBodet																																																												28.4																																								29.0																																								29.4","NReed																																																												28.5																																								29.2																																								29.1																																																																																								AWright																																																												28.7																																								29.1																																								29.0"
Gonzaga WW,Minnesota HU,"Erik Mathis																																						Nick Loew																																						Becca Steiner","Aff																															Aff																															Aff","3-0																															AFF","KWellman																																																												28.7																																								29.0																																								28.8																																																																																								DWeinhardt																																																												28.8																																								29.3																																								29.1","BHaber-Fawcett																																																												28.5																																								29.1																																								28.9																																																																																								TUsenov																																																												28.6																																								28.9																																								29.0"
Texas NS,Baylor KC,"Tajaih Robinson																																						Azja Butler																																						Leigha Maddy","Aff																															Neg																															Aff","2-1																															AFF","TNaman																																																												28.7																																								28.8																																								29.4																																																																																								DStevenson																																																												28.4																																								28.9																																								29.3","SChatur																																																												28.5																																								29.0																																								29.0																																																																																								AKeeler																																																												28.6																																								29.1																																								28.9"
Baylor BL,Navy CR - ONLINE,"Pav Reddy																																						Kathryn Rubino																																						Lindsey Shook","Aff																															Neg																															Aff","2-1																															AFF","ILoCicero																																																												28.8																																								28.7																																								28.2																																																																																								SBenton																																																												28.7																																								28.5																																								28.4","ARea																																																												28.5																																								28.6																																								28.0																																																																																								TConnor																																																												28.6																																								28.8																																								28.3"
CSU Long Beach GE,Western Kentucky CF,"Martin Osborn																																						Jackie Poapst																																						Ec Powers","Aff																															Neg																															Neg","2-1																															NEG","AEscobar																																																												29.5																																								28.6																																								28.8																																																																																								DGurrola																																																												29.4																																								28.5																																								28.7","RFournier																																																												29.1																																								29.0																																								28.9																																																																																								SCarter																																																												29.2																																								29.1																																								28.6"
Wichita State MG,Binghamton KR,"Jaysyn Green																																						Duncan Stewart																																						Kwudjwa Osei","Neg																															Neg																															Neg","3-0																															NEG","MMolina Chavez																																																												29.2																																								28.7																																								28.9																																																																																								MGriffith																																																												29.1																																								28.8																																								28.8","AKing																																																												29.4																																								28.9																																								29.0																																																																																								IReza Husain																																																												29.3																																								29.0																																								29.1"
Southern Nazarene HC,Cornell DK,"Peyton Reeves																																						Jackson Specker																																						Spencer Roetlin","Aff																															Aff																															Neg","2-1																															AFF","IHorton																																																												28.9																																								28.5																																								28.2																																																																																								TCruzan																																																												28.3																																								28.4																																								28.3","PKohlenberger																																																												28.1																																								28.2																																								28.5																																																																																								MDye																																																												28.2																																								28.3																																								28.4"
Missouri State GB,Dartmouth CG,"Johnnie Stupek																																						Patrick Waldinger																																						Viveth Karthikeyan","Neg																															Neg																															Neg","3-0																															NEG","JGranger																																																												28.4																																								28.3																																								28.6																																																																																								ABodenhorn																																																												28.5																																								28.5																																								28.7","NCai																																																												29.0																																								28.8																																								29.0																																																																																								AGuddati																																																												29.1																																								28.9																																								29.1"
Samford GP,Kansas State AD,"Holden Bukowsky																																						Riley Talamantes																																						Joshua Lee","Aff																															Neg																															Neg","2-1																															NEG","AGill																																																												28.8																																								28.7																																								28.3																																																																																								LPack																																																												28.7																																								28.4																																								28.1","LArdis																																																												28.6																																								28.5																																								28.2																																																																																								TDay																																																												28.5																																								28.6																																								28.6"
Cal State Fullerton PP,Towson CP,"kc vernon																																						Morgan Copeland																																						Eric Maag","Neg																															Neg																															Aff","2-1																															NEG","DPerez Rivas																																																												28.9																																								28.9																																								28.5																																																																																								BPerez Rivas																																																												28.8																																								29.0																																								28.7","DChrist																																																												29.4																																								29.5																																								28.6																																																																																								APersaud																																																												29.3																																								29.1																																								28.1"
Wake Forest BM,Houston KY,"Colin Quinn																																						Thomas Babcock																																						Justice Wallenmeyer","Aff																															Aff																															Neg","2-1																															AFF","GBressler																																																												29.3																																								29.5																																								29.3																																																																																								AMojica																																																												29.4																																								29.3																																								29.4","SYadagiri																																																												29.1																																								29.2																																								29.2																																																																																								KKhan																																																												29.2																																								29.1																																								29.5"
Minnesota PW,Michigan State BS,"Terrell Taylor																																						Justin Green																																						Ari Davidson","Aff																															Neg																															Aff","2-1																															AFF","JParrish																																																												28.8																																								29.1																																								28.2																																																																																								KWells																																																												28.9																																								28.9																																								28.3","EBennett																																																												28.7																																								29.2																																								28.1																																																																																								HShehzad																																																												28.6																																								29.0																																								28.0"