Aff,Neg,Judge,Win,"Aff								Points","Neg								Points"
Wake Forest LS,Emory CL,Ali Abdulla,Aff,"ELeverett																																																												29.4																																																																																								RSencion																																																												29.3","DLiu																																																												29.2																																																																																								WCannaday																																																												29.1"
Northwestern DR,Dartmouth BC,Nick Loew,Neg,"ADeo																																																												29.3																																																																																								VRubin																																																												29.2","HBald																																																												29.4																																																																																								NCai																																																												29.5"
Northwestern PS,Michigan SS,Ian Lowery,Aff,"JPacconi																																																												29.2																																																																																								ASouchet																																																												29.4","CShih																																																												29.1																																																																																								AShah																																																												29.3"
Iowa BW,Binghamton CN,Taylor Brough,Aff,"RBilicki																																																												29.0																																																																																								NWeimar																																																												28.9","ICui																																																												28.7																																																																																								LNyberg																																																												28.8"
Michigan State JS - ONLINE,Liberty CL,Jim Schultz,Neg,"ZJarman																																																												29.1																																																																																								GScully																																																												28.8","JCunningham																																																												29.3																																																																																								ELayton																																																												28.9"
Kansas State SS,,William Coltzer,Aff,,
Kansas AB,Binghamton KT,Sam Gustavson,Aff,"CBath																																																												28.6																																																																																								CAin																																																												28.7","ATreulich																																																												28.4																																																																																								AKing																																																												28.5"
Michigan HL,Baylor DL,Jesse Smith,Neg,"CHwang																																																												29.0																																																																																								GLedesma																																																												28.7","ODarwish																																																												29.1																																																																																								LLassen																																																												29.2"
Southern California MZ,Houston FD,Kristiana Baez-Gustavson,Neg,"SMirza																																																												28.8																																																																																								IZhang																																																												29.0","AFernandez																																																												28.9																																																																																								HDoratt																																																												28.7"
Emory KP,Georgetown CS,Kwudjwa Osei,Aff,"DPierce																																																												29.3																																																																																								AKim																																																												29.0","CCowan																																																												29.2																																																																																								BSayers																																																												29.1"
CSU Long Beach OM,Emory LY,Trevor Turner,Aff,"COrtega																																																												29.6																																																																																								DMedina																																																												29.4","CYang																																																												29.3																																																																																								LLobo																																																												29.2"
Houston KA,Macalester PK,Zidao Wang,Neg,"NAbad																																																												29.2																																																																																								KKhan																																																												29.3","SPrice																																																												29.6																																																																																								WKochel																																																												29.4"
Michigan ES,Binghamton TC,Dustyn Beutelspacher,Aff,"CEsmailzadeh																																																												29.5																																																																																								RShetty																																																												29.1","ET. Louis																																																												29.3																																																																																								JCohn																																																												29.2"
Wake Forest BM,UTD HR,Jimin Park,Aff,"GBressler																																																												29.2																																																																																								AMojica																																																												29.4","CHale																																																												29.0																																																																																								SRavi																																																												29.1"
NYU MS,North Texas JW - ONLINE,Ryan Wash,Aff,"EMakinde																																																												29.1																																																																																								VSaigal																																																												29.0","ZJones																																																												29.5																																																																																								JWofford																																																												29.6"
Kentucky AM,Kansas SH,Deven Cooper,Aff,"JAdam																																																												28.6																																																																																								LMcBlain																																																												28.7","BHato																																																												28.8																																																																																								NSuleman																																																												28.5"
Wake Forest SS,Kentucky RS,Nahali Tittle,Neg,"JSay																																																												29.0																																																																																								PShaw																																																												28.9","AStockstill																																																												29.3																																																																																								JRimpson																																																												29.5"
UTD KS,Southern California BrRe,kenny delph,Neg,"ASendejas																																																												29.4																																																																																								MKarthik																																																												29.3","TReese																																																												29.5																																																																																								CBradley																																																												29.6"
Emory CP,UTD KP,Ethan Greer,Neg,"BPiekut																																																												28.8																																																																																								CConry																																																												28.7","AKarchmer																																																												28.9																																																																																								RPenumetcha																																																												29.0"
Kentucky GS,Trinity KP,Michael Hester,Aff,"AGabay																																																												29.4																																																																																								RSlish																																																												29.2","RPatterson																																																												29.1																																																																																								BKing																																																												29.3"
Michigan State GL - ONLINE,Northwestern AL,Hunter McCullough,Neg,"JGusis																																																												29.2																																																																																								SLewis																																																												29.1","BArney																																																												29.3																																																																																								ALundberg																																																												29.0"
Stanford LL - ONLINE,Michigan AO,Brad Meloche,Aff,"KLai																																																												29.2																																																																																								DLai																																																												29.1","ROu																																																												29.0																																																																																								WAgustin																																																												28.9"
George Mason RW,Michigan BS,Justice Wallenmeyer,Aff,"NReed																																																												29.3																																																																																								AWright																																																												29.1","NSimha																																																												29.0																																																																																								MBaba																																																												29.2"
James Madison BR,Kansas WW,Kurt Fifelski,Neg,"JBalda																																																												29.0																																																																																								RRinehart																																																												28.9","ZWillingham																																																												29.1																																																																																								OOwings																																																												29.2"
Harvard AB,Minnesota HH - ONLINE,Solomon Watson,Aff,"SAoki																																																												29.0																																																																																								JBodet																																																												29.1","BHaber-Fawcett																																																												28.9																																																																																								JHerzer																																																												28.8"
Wake Forest BW,George Mason DF,Saied Beckford,Aff,"SBathily																																																												30.0																																																																																								CWolfe																																																												29.9","JFuchs																																																												29.5																																																																																								ADavis																																																												29.8"
James Madison CP,Georgia IP,Manny Navarrete,Neg,"EPelletier																																																												29.0																																																																																								MConway																																																												28.9","PIppagunta																																																												29.2																																																																																								APotdar																																																												29.1"
Emory MR,Kansas WH,Dimarvin Puerto,Neg,"SRupp																																																												29.3																																																																																								RMaxwell																																																												29.5","EHarris																																																												29.4																																																																																								JWilkus																																																												29.6"
Western Kentucky CF,Emory GY,Thomas Babcock,Neg,"RFournier																																																												28.8																																																																																								SCarter																																																												28.9","SGeevarghese																																																												29.1																																																																																								JYoung																																																												29.0"
Harvard DS,Southern California BR,Vontrez White,Neg,"NDeshpande																																																												29.3																																																																																								ASridharan																																																												29.2","ABhadani																																																												29.4																																																																																								RRahman																																																												29.5"
Navy CR,Emory ST,John Katsulas,Aff,"ARea																																																												29.4																																																																																								TConnor																																																												29.8","ATahirkheli																																																												29.6																																																																																								ISong																																																												29.5"
Liberty FT,Dartmouth CG,Edward Lee,Neg,"JTurner																																																												28.9																																																																																								PFoos																																																												29.1","ECarpenter																																																												29.2																																																																																								LGoldberg																																																												29.4"
Missouri State BK - ONLINE,UC Berkeley BT,Owen Phoenix-Flood,Neg,"CBurns																																																												28.7																																																																																								AKimmerle																																																												28.5","TTsan																																																												28.9																																																																																								IBoguslavsky																																																												28.8"
Michigan GS,Oklahoma DH,Michael Swidecki,Aff,"NGao																																																												29.4																																																																																								HSanchez																																																												29.3","RHouston																																																												29.1																																																																																								ADavis																																																												28.9"
Michigan State AG - ONLINE,George Mason RR,Julian Kuffour,Aff,"AGearring																																																												29.7																																																																																								AAgrahara																																																												29.6","MRodak																																																												29.5																																																																																								DRichter																																																												29.4"
Kansas LS,Iowa PA,Jaysyn Green,Neg,"LSchultz																																																												28.8																																																																																								RLarson																																																												28.9","GParfenoff																																																												29.1																																																																																								SAnderson McElligott																																																												29.2"
Oklahoma SW,Missouri State CR - ONLINE,kc vernon,Aff,"SWaheed																																																												28.9																																																																																								BSmith																																																												28.8","ARoy																																																												28.7																																																																																								GCowdrey-Mota																																																												28.6"
UC Berkeley MR,Emory FW,Bobby Phillips,Aff,"EMenotti																																																												29.0																																																																																								RReichel																																																												28.9","AWaghray																																																												28.8																																																																																								CFeldman																																																												28.7"
Samford GP - ONLINE,West Georgia FK,Ana Bittner,Aff,"AGill																																																												28.7																																																																																								LPack																																																												28.6","EKaidar-Heafetz																																																												28.8																																																																																								RForsyth																																																												28.9"
Kansas BW,Baylor CK,Addison Wagner,Aff,"CBrown																																																												28.9																																																																																								HWalawender																																																												28.8","SChatur																																																												28.7																																																																																								AKeeler																																																												28.6"
Wichita State MW,Gonzaga DW,Kevin Hirn,Neg,"GMcManus																																																												28.8																																																																																								SWentling																																																												28.7","NDawson																																																												28.9																																																																																								DWeinhardt																																																												29.2"
Georgetown PV,Purdue FH,Shannon Howley,Aff,"VValame																																																												28.8																																																																																								SPawley																																																												28.7","RHawksworth																																																												28.5																																																																																								LFleischhacker																																																												28.6"
Kansas MR,Michigan State MM - ONLINE,Josiah Ferguson,Aff,"JMarshall																																																												29.4																																																																																								GRevare																																																												29.3","TMiklovis																																																												29.2																																																																																								BMontford																																																												29.1"
Texas KN,Kansas LD,Thomas Buttgereit,Aff,"SKarunadasa																																																												28.7																																																																																								TNaman																																																												28.8","ALevin																																																												28.6																																																																																								MDoyle																																																												28.5"
Kansas State DA,Southern California CS,Iyana Trotman,Neg,"LArdis																																																												27.8																																																																																								TDay																																																												27.9","DChanna																																																												28.3																																																																																								DSood																																																												28.8"
James Madison MO,Southern Nazarene YH - ONLINE,Tiff Imbimbo,Aff,"TMishra																																																												29.7																																																																																								AOehler																																																												29.6","IHorton																																																												29.4																																																																																								BYarborough																																																												29.5"
Michigan State AB - ONLINE,Northwestern HL,Avalyn Renee,Neg,"OAnsari																																																												28.9																																																																																								EBennett																																																												29.1","MLee																																																												29.2																																																																																								BHines																																																												29.0"
Michigan BP,West Georgia DK,Joshua Lee,Neg,"EBarrett																																																												29.3																																																																																								JPark																																																												29.1","JKeller																																																												29.4																																																																																								SDal Pra																																																												29.2"
Dartmouth GR,Wyoming/Towson CC,William Repko,Aff,"SRao																																																												29.0																																																																																								SGuo																																																												28.8","DChrist																																																												28.7																																																																																								JCampbell																																																												28.9"
Kansas HM,Emory TW,Joseph Sullivan,Aff,"AHarker																																																												29.1																																																																																								SMcConnell																																																												29.2","MWang																																																												28.9																																																																																								ETai																																																												28.8"
Northwestern AZ,CSU Long Beach EG,Jason Regnier,Aff,"JZimmerman																																																												28.3																																																																																								AArceo																																																												28.6","AEscobar																																																												28.5																																																																																								DGurrola																																																												28.7"
Baylor LB,Emory OP,Niko Sims,Neg,"ILoCicero																																																												28.7																																																																																								SBenton																																																												28.6","MOkahata																																																												28.9																																																																																								CPark																																																												28.8"
UTD DU,Texas AF,Azja Butler,Neg,"JD'Antuono																																																												29.1																																																																																								RUnderwood																																																												29.0","RAnderson																																																												29.4																																																																																								LFeinstein																																																												29.3"
Wichita State GM,Kansas BS,Ari Davidson,Neg,"MMolina Chavez																																																												28.8																																																																																								MGriffith																																																												28.5","JSpiers																																																												29.1																																																																																								ABarreto																																																												29.2"
Wake Forest EP,Macalester HD,Ian Dill,Aff,"TPerez																																																												29.1																																																																																								EElliott																																																												29.0","ADurbin																																																												28.8																																																																																								IHarrison																																																												28.6"
Cornell BD,Harvard FK,Vida Chiri,Aff,"MBarratt																																																												28.5																																																																																								ADiop																																																												28.6","KKundu																																																												28.3																																																																																								ZFacey																																																												28.4"
Western Kentucky SS,Navy LS,Nate Milton,Aff,"NSchintgen																																																												28.8																																																																																								JStPeter																																																												28.7","JLawrence																																																												28.6																																																																																								GSatterfield																																																												28.5"
Trinity MB,Western Kentucky CS,Martin Osborn,Neg,"KMcKinney																																																												28.2																																																																																								GBarden																																																												28.6","AClementi																																																												28.5																																																																																								CShockley																																																												28.7"
Cal State Fullerton AM,Cornell DL,Raunak Dua,Aff,"DMartinez																																																												28.7																																																																																								AAyyala																																																												29.2","HLim																																																												28.5																																																																																								MDye																																																												28.6"
Wake Forest DS,UT San Antonio BW,Kaine Cherry,Neg,"JSampat																																																												28.8																																																																																								MDingley																																																												28.9","DWilson																																																												28.7																																																																																								SBlazquez																																																												28.6"
Oklahoma AT,Wake Forest BH,Ryan Cavanaugh,Neg,"LToro																																																												28.4																																																																																								BAsbury																																																												28.5","SBellmon																																																												28.7																																																																																								DHale																																																												28.9"
Rochester OR,Kansas State RS,Jyleesa Hampton,Neg,"LOzcayir																																																												29.2																																																																																								ARahman																																																												29.1","DRobertson																																																												29.5																																																																																								CSpurlock																																																												29.3"