Round,Tournament,Round_Label,Aff,Neg,Win,Aff_Mu_Before,Aff_Mu_After,Aff_Mu_Delta,Neg_Mu_Before,Neg_Mu_After,Neg_Mu_Delta
nu_1,nu,1,Michigan State LM,Kansas CC,Aff,33.754,34.217,0.463,23.319,22.748,-0.571
nu_1,nu,1,Western Kentucky IN,Emory CrSm,Aff,22.317,25.667,3.35,20.882,17.612,-3.27
nu_1,nu,1,Kansas BT,Dartmouth CG,Neg,30.864,27.251,-3.614,32.649,33.886,1.237
nu_1,nu,1,Houston FI,Missouri State BM,Aff,25.721,26.402,0.681,15.885,14.065,-1.82
nu_1,nu,1,Emory ChSt,Kansas SS,Neg,20.72,18.706,-2.013,28.164,30.142,1.978
nu_1,nu,1,Michigan CS,Wake Forest PT,Aff,32.098,32.843,0.744,25.0,22.245,-2.755
nu_1,nu,1,Indiana TF,Georgia CP,Neg,15.718,15.022,-0.696,24.467,25.117,0.649
nu_1,nu,1,UC Berkeley GS,Wyoming LW,Aff,24.984,25.911,0.927,19.074,16.387,-2.687
nu_1,nu,1,Emory GY,Missouri State NC,Aff,41.072,41.318,0.246,25.385,24.655,-0.73
nu_1,nu,1,Indiana DJ,Georgetown LN,Neg,18.679,16.721,-1.959,23.404,24.438,1.033
nu_1,nu,1,Emory HT,Michigan BS,Neg,25.0,22.693,-2.307,33.663,35.379,1.716
nu_1,nu,1,Wake Forest AM,Missouri State DH,Aff,25.04,26.314,1.274,21.225,18.232,-2.993
nu_1,nu,1,West Georgia HL,Michigan State KP,Neg,25.0,20.795,-4.205,25.0,29.205,4.205
nu_1,nu,1,Emory CS,Missouri State CP,Aff,23.315,25.38,2.064,16.317,14.089,-2.228
nu_1,nu,1,Kansas UO,Michigan AD,Aff,36.994,37.427,0.433,25.0,23.383,-1.617
nu_1,nu,1,Utah BH,UC Berkeley AW,Neg,25.0,20.795,-4.205,25.0,29.205,4.205
nu_1,nu,1,Georgia KL,Oklahoma BW,Neg,21.923,16.711,-5.212,12.025,16.436,4.411
nu_1,nu,1,Emory SY,Georgetown CL,Aff,34.148,34.621,0.473,22.929,21.542,-1.387
nu_1,nu,1,Trinity CO,Kansas BF,Neg,20.973,18.833,-2.14,29.054,29.88,0.826
nu_1,nu,1,Northwestern KM,Harvard HL,Neg,25.053,21.67,-3.383,25.0,29.435,4.435
nu_1,nu,1,Wichita State GM,Texas AL (Low/Andrew),Aff,25.774,29.776,4.002,27.665,23.676,-3.989
nu_1,nu,1,Michigan AR,Trinity BK,Aff,25.0,27.2,2.2,15.707,14.897,-0.809
nu_1,nu,1,Liberty CL,Harvard GM,Aff,31.099,31.916,0.817,25.0,21.969,-3.031
nu_1,nu,1,Michigan LS,CSU Long Beach EM,Neg,25.0,20.76,-4.24,27.125,28.352,1.227
nu_1,nu,1,Utah VP,Dartmouth RU,Neg,17.816,16.594,-1.223,25.0,27.689,2.689
nu_1,nu,1,Dartmouth BJ,Macalester KS,Neg,22.957,21.393,-1.565,33.267,34.773,1.506
nu_1,nu,1,Texas AG,Western Kentucky HM,Aff,23.647,27.333,3.686,25.0,20.197,-4.803
nu_1,nu,1,West Georgia GK,Southern California BM,Neg,24.22,21.191,-3.028,27.918,29.051,1.133
nu_1,nu,1,George Mason CD,Iowa LS,Aff,26.611,29.357,2.746,23.15,20.385,-2.765
nu_1,nu,1,Michigan BB,Iowa KP,Neg,25.0,21.908,-3.092,30.866,31.739,0.873
nu_1,nu,1,Kentucky RS,Iowa BS,Aff,29.001,30.357,1.356,26.12,24.726,-1.394
nu_1,nu,1,Wyoming HW,Southern California MT,Neg,24.892,23.113,-1.779,25.867,27.565,1.698
nu_1,nu,1,Wake Forest DM,Northwestern LT,Neg,22.99,22.06,-0.929,36.617,36.946,0.329
nu_1,nu,1,Western Kentucky KN,Wake Forest NS,Aff,25.924,26.795,0.871,19.788,17.387,-2.401
nu_1,nu,1,Gonzaga AG,Emory MW,Neg,23.176,19.747,-3.429,25.0,28.822,3.822
nu_1,nu,1,Michigan ES,Baylor BK,Aff,40.952,41.095,0.143,24.681,24.527,-0.154
nu_1,nu,1,Oklahoma PS,Kansas BB,Neg,23.758,19.854,-3.904,24.709,26.15,1.44
nu_1,nu,1,Texas GS,Harvard DS,Neg,23.647,21.809,-1.838,32.185,32.846,0.661
nu_1,nu,1,Michigan State FM,Michigan FP,Aff,27.59,30.385,2.795,25.0,21.273,-3.727
nu_1,nu,1,Kansas AW,Michigan BP,Aff,29.542,30.478,0.936,25.0,21.512,-3.488
nu_1,nu,1,Missouri State DS,Emory AT,Neg,19.559,19.166,-0.394,32.158,32.544,0.387
nu_1,nu,1,Emory TY,Iowa EW,Neg,30.167,26.357,-3.81,30.869,32.253,1.384
nu_1,nu,1,Northwestern LP,Kansas LL,Aff,25.165,26.81,1.645,15.754,14.99,-0.764
nu_1,nu,1,UC Berkeley BM,Emory CF,Aff,28.058,31.583,3.525,26.641,24.987,-1.655
nu_1,nu,1,Emory JR,Baylor PA,Aff,25.239,27.805,2.567,20.81,18.228,-2.582
nu_1,nu,1,Northwestern JP,Kansas FH,Aff,28.031,30.388,2.357,22.745,20.12,-2.625
nu_1,nu,1,Baylor MM,Emory OP,Neg,25.0,21.124,-3.876,28.095,29.45,1.355
nu_1,nu,1,Emory ST,George Mason WW,Neg,19.722,19.15,-0.573,29.698,30.205,0.508
nu_1,nu,1,Dartmouth RS,Kansas PL,Aff,26.682,30.778,4.096,27.325,25.196,-2.13
nu_1,nu,1,Kentucky CS,Dartmouth DO,Aff,28.623,31.209,2.586,25.0,21.537,-3.463
nu_1,nu,1,Gonzaga MP,Western Kentucky CS,Neg,25.0,20.497,-4.503,26.296,27.662,1.367
nu_1,nu,1,Georgetown BP,Michigan AO,Neg,24.04,21.46,-2.579,29.576,30.482,0.906
nu_1,nu,1,Dartmouth BC,Emory GW,Aff,25.369,26.379,1.01,20.72,17.952,-2.767
nu_1,nu,1,UTD DH,Emory SW,Aff,30.647,31.723,1.075,26.764,23.733,-3.031
nu_1,nu,1,Michigan BL,Wake Forest HN,Aff,20.889,24.059,3.17,27.355,24.259,-3.096
nu_1,nu,1,Kansas PB,Dartmouth CS,Neg,23.891,22.228,-1.663,25.0,29.491,4.491
nu_1,nu,1,Michigan GV,Washburn LR,Aff,25.0,29.205,4.205,25.0,20.795,-4.205
nu_1,nu,1,Wake Forest LP,Dartmouth HH,Aff,30.691,31.583,0.892,23.424,21.31,-2.113
nu_1,nu,1,Wake Forest LW,Kansas BS,Neg,23.202,20.18,-3.022,27.185,29.761,2.575
nu_1,nu,1,Dartmouth JT,Kansas State SF,Neg,25.845,20.122,-5.723,17.401,23.31,5.909
nu_1,nu,1,Northwestern CY,Kansas State DD,Aff,25.0,27.645,2.645,17.535,16.654,-0.881
nu_1,nu,1,Southern California LP,Georgetown GT,Neg,25.0,20.516,-4.484,26.394,27.699,1.305
nu_1,nu,1,Georgetown RM,UTD RH,Neg,25.0,20.966,-4.034,27.766,28.918,1.152
nu_1,nu,1,Michigan State JS,Baylor LM,Aff,31.124,31.623,0.499,20.812,20.021,-0.79
nu_1,nu,1,Georgetown VX,Harvard AB,Neg,22.287,20.981,-1.306,28.71,29.594,0.884
nu_1,nu,1,Wake Forest BS,Michigan State BS,Aff,25.914,29.102,3.189,25.0,20.836,-4.164
nu_1,nu,1,North Texas BV,Southern California DP,Aff,19.111,23.171,4.06,26.841,20.43,-6.411
nu_2,nu,2,Kansas CC,Western Kentucky IN,Aff,22.748,24.81,2.062,25.667,21.379,-4.289
nu_2,nu,2,Emory CrSm,Michigan State LM,Neg,17.612,17.197,-0.414,34.217,34.384,0.168
nu_2,nu,2,Dartmouth CG,Houston FI,Aff,33.886,34.54,0.654,26.402,25.573,-0.828
nu_2,nu,2,Missouri State BM,Kansas BT,Neg,14.065,13.096,-0.969,27.251,28.007,0.757
nu_2,nu,2,Kansas SS,UC Berkeley GS,Aff,30.142,32.541,2.399,25.911,24.871,-1.04
nu_2,nu,2,Wake Forest PT,Indiana TF,Neg,22.245,15.807,-6.438,15.022,17.431,2.409
nu_2,nu,2,Georgia CP,Michigan CS,Neg,25.117,24.439,-0.677,32.843,33.502,0.659
nu_2,nu,2,Wyoming LW,Emory ChSt,Neg,16.387,13.717,-2.67,18.706,21.356,2.649
nu_2,nu,2,Missouri State NC,Indiana DJ,Aff,24.655,26.455,1.8,16.721,15.657,-1.063
nu_2,nu,2,Georgetown LN,Emory GY,Neg,24.438,24.329,-0.109,41.318,41.432,0.114
nu_2,nu,2,Michigan BS,Wake Forest AM,Aff,35.379,36.795,1.416,26.314,25.651,-0.663
nu_2,nu,2,Missouri State DH,Emory HT,Neg,18.232,16.251,-1.981,22.693,25.439,2.746
nu_2,nu,2,Michigan State KP,Michigan ES,Neg,29.205,28.036,-1.17,41.095,41.494,0.4
nu_2,nu,2,Northwestern LT,Emory CS,Aff,36.946,37.351,0.406,25.38,24.377,-1.002
nu_2,nu,2,Michigan AD,Utah BH,Aff,23.383,26.497,3.114,20.795,17.908,-2.886
nu_2,nu,2,UC Berkeley AW,Kansas UO,Neg,29.205,27.353,-1.852,37.427,38.058,0.63
nu_2,nu,2,Oklahoma BW,Michigan LS,Aff,16.436,18.757,2.321,20.76,15.778,-4.982
nu_2,nu,2,Georgetown CL,Trinity CO,Aff,21.542,24.188,2.646,18.833,16.174,-2.659
nu_2,nu,2,Kansas BF,Emory SY,Neg,29.88,28.705,-1.175,34.621,35.623,1.002
nu_2,nu,2,Harvard HL,Michigan AR,Aff,29.435,32.324,2.889,27.2,24.092,-3.108
nu_2,nu,2,Texas AL (Low/Andrew),Emory JR,Aff,23.676,27.514,3.837,27.805,23.681,-4.124
nu_2,nu,2,Trinity BK,Northwestern KM,Neg,14.897,13.907,-0.99,21.67,23.428,1.758
nu_2,nu,2,Emory AT,Michigan AC,Neg,32.544,29.928,-2.617,24.462,31.427,6.966
nu_2,nu,2,CSU Long Beach EM,Georgia KL,Neg,28.352,24.641,-3.711,16.711,21.64,4.929
nu_2,nu,2,Dartmouth RU,Liberty CL,Aff,27.689,33.215,5.526,31.916,30.089,-1.827
nu_2,nu,2,Macalester KS,Texas AG,Neg,34.773,29.593,-5.18,27.333,32.127,4.794
nu_2,nu,2,Western Kentucky HM,Dartmouth BJ,Neg,20.197,17.035,-3.163,21.393,24.355,2.963
nu_2,nu,2,Southern California BM,Kentucky RS,Aff,29.051,31.004,1.953,30.357,28.554,-1.803
nu_2,nu,2,Iowa LS,Georgetown VX,Neg,20.385,17.249,-3.135,20.981,22.835,1.854
nu_2,nu,2,Iowa KP,Wake Forest BS,Aff,31.739,32.913,1.175,29.102,26.366,-2.737
nu_2,nu,2,Iowa BS,West Georgia GK,Aff,24.726,25.761,1.035,21.191,18.821,-2.37
nu_2,nu,2,Harvard GM,Utah VP,Aff,21.969,24.344,2.375,16.594,15.257,-1.337
nu_2,nu,2,Missouri State CP,Wake Forest DM,Neg,14.089,12.413,-1.675,22.06,23.701,1.64
nu_2,nu,2,Wake Forest NS,North Texas BV,Aff,17.387,22.155,4.768,23.171,19.882,-3.289
nu_2,nu,2,Dartmouth HH,Gonzaga AG,Aff,21.31,23.958,2.648,19.747,16.675,-3.072
nu_2,nu,2,Baylor BK,West Georgia HL,Aff,24.527,25.604,1.077,20.795,17.862,-2.933
nu_2,nu,2,Kansas BB,UC Berkeley BM,Neg,26.15,25.248,-0.902,31.583,33.439,1.856
nu_2,nu,2,Harvard DS,Michigan State FM,Aff,32.846,34.022,1.175,30.385,27.609,-2.776
nu_2,nu,2,Michigan FP,Texas GS,Aff,21.273,25.025,3.752,21.809,18.727,-3.082
nu_2,nu,2,Michigan BP,Wyoming HW,Neg,21.512,18.146,-3.366,23.113,24.347,1.234
nu_2,nu,2,Southern California MT,Kansas AW,Aff,27.565,29.69,2.126,30.478,28.345,-2.133
nu_2,nu,2,Iowa EW,Northwestern LP,Aff,32.253,33.078,0.825,26.81,24.705,-2.105
nu_2,nu,2,Kansas LL,Emory TY,Neg,14.99,14.467,-0.523,26.357,27.201,0.844
nu_2,nu,2,Emory CF,Oklahoma PS,Aff,24.987,26.065,1.079,19.854,17.903,-1.95
nu_2,nu,2,Baylor PA,Wichita State GM,Neg,18.228,17.204,-1.024,29.776,30.727,0.951
nu_2,nu,2,Kansas FH,Baylor MM,Aff,20.12,23.591,3.471,21.124,17.51,-3.613
nu_2,nu,2,Emory OP,Northwestern JP,Neg,29.45,27.841,-1.61,30.388,33.545,3.157
nu_2,nu,2,George Mason WW,Dartmouth RS,Aff,30.205,31.737,1.531,30.778,27.511,-3.268
nu_2,nu,2,Kansas PL,Emory ST,Aff,25.196,26.289,1.093,19.15,18.237,-0.913
nu_2,nu,2,Dartmouth DO,Gonzaga MP,Neg,21.537,17.678,-3.859,20.497,23.914,3.417
nu_2,nu,2,Western Kentucky CS,Kentucky CS,Neg,27.662,26.536,-1.126,31.209,33.714,2.504
nu_2,nu,2,Michigan AO,Dartmouth BC,Aff,30.482,31.553,1.071,26.379,25.292,-1.088
nu_2,nu,2,Emory GW,Georgetown BP,Neg,17.952,15.732,-2.22,21.46,23.742,2.282
nu_2,nu,2,Emory SW,Michigan BL,Aff,23.733,27.148,3.416,24.059,22.641,-1.419
nu_2,nu,2,Wake Forest HN,UTD DH,Neg,24.259,23.621,-0.638,31.723,32.413,0.69
nu_2,nu,2,Dartmouth CS,Michigan GV,Neg,29.491,26.203,-3.288,29.205,32.857,3.651
nu_2,nu,2,Washburn LR,Kansas PB,Neg,20.795,17.262,-3.532,22.228,23.769,1.541
nu_2,nu,2,Emory MW,Wake Forest LP,Neg,28.822,25.629,-3.193,31.583,32.839,1.256
nu_2,nu,2,Kansas BS,Dartmouth JT,Neg,29.761,24.094,-5.667,20.122,25.209,5.087
nu_2,nu,2,Kansas State SF,Wake Forest LW,Neg,23.31,19.858,-3.451,20.18,24.418,4.238
nu_2,nu,2,Kansas State DD,Southern California LP,Neg,16.654,15.455,-1.199,20.516,23.113,2.597
nu_2,nu,2,Georgetown GT,Northwestern CY,Aff,27.699,29.114,1.415,27.645,23.63,-4.015
nu_2,nu,2,UTD RH,Michigan State JS,Aff,28.918,31.097,2.18,31.623,29.514,-2.109
nu_2,nu,2,Baylor LM,Georgetown RM,Neg,20.021,18.148,-1.874,20.966,24.314,3.347
nu_2,nu,2,Harvard AB,George Mason CD,Neg,29.594,28.115,-1.479,29.357,32.818,3.462
nu_2,nu,2,Michigan State BS,Michigan BB,Aff,20.836,24.56,3.724,21.908,18.237,-3.672
nu_2,nu,2,Southern California DP,Western Kentucky KN,Aff,20.43,25.428,4.998,26.795,24.412,-2.383
nu_3,nu,3,Dartmouth CG,Michigan GV,Aff,34.54,35.642,1.102,32.857,30.019,-2.838
nu_3,nu,3,Kentucky CS,Kansas UO,Neg,33.714,31.888,-1.825,38.058,38.993,0.935
nu_3,nu,3,Michigan AO,Wake Forest LP,Aff,31.553,33.208,1.655,32.839,30.855,-1.984
nu_3,nu,3,Oklahoma BW,Michigan ES,Neg,18.757,18.736,-0.022,41.494,41.514,0.02
nu_3,nu,3,Michigan BS,Wichita State GM,Aff,36.795,38.425,1.631,30.727,29.168,-1.559
nu_3,nu,3,George Mason CD,Southern California MT,Neg,32.818,29.365,-3.453,29.69,31.339,1.649
nu_3,nu,3,Iowa KP,Michigan CS,Neg,32.913,31.43,-1.484,33.502,34.952,1.45
nu_3,nu,3,Southern California BM,UC Berkeley BM,Neg,31.004,29.943,-1.061,33.439,35.545,2.106
nu_3,nu,3,Emory GY,Michigan AC,Aff,41.432,41.918,0.486,31.427,30.497,-0.931
nu_3,nu,3,Harvard DS,UTD RH,Aff,34.022,35.161,1.14,31.097,30.033,-1.065
nu_3,nu,3,Northwestern JP,Texas AG,Neg,33.545,30.709,-2.836,32.127,34.908,2.781
nu_3,nu,3,Georgetown GT,Dartmouth RU,Neg,29.114,28.166,-0.947,33.215,35.175,1.959
nu_3,nu,3,Kansas SS,Michigan State LM,Neg,32.541,30.118,-2.423,34.384,35.594,1.209
nu_3,nu,3,Harvard HL,Northwestern LT,Neg,32.324,30.285,-2.039,37.351,38.215,0.864
nu_3,nu,3,George Mason WW,Emory SY,Neg,31.737,30.77,-0.967,35.623,36.628,1.005
nu_3,nu,3,UTD DH,Iowa EW,Aff,32.413,34.067,1.654,33.078,31.476,-1.602
nu_3,nu,3,Liberty CL,Indiana TF,Aff,30.089,30.327,0.238,17.431,17.176,-0.255
nu_3,nu,3,Gonzaga MP,Dartmouth RS,Neg,23.914,21.821,-2.093,27.511,29.095,1.585
nu_3,nu,3,Wake Forest BS,Kansas PB,Aff,26.366,28.492,2.127,23.769,22.429,-1.341
nu_3,nu,3,Michigan BL,Kentucky RS,Neg,22.641,21.922,-0.719,28.554,29.246,0.691
nu_3,nu,3,Michigan State JS,Georgetown VX,Aff,29.514,30.148,0.633,22.835,21.922,-0.913
nu_3,nu,3,Missouri State DS,Houston FI,Neg,19.166,18.228,-0.938,25.573,26.42,0.847
nu_3,nu,3,Dartmouth BC,Emory MW,Neg,25.292,24.017,-1.274,25.629,28.733,3.104
nu_3,nu,3,Missouri State NC,Wake Forest AM,Neg,26.455,22.969,-3.486,25.651,27.313,1.662
nu_3,nu,3,North Texas BV,Dartmouth BJ,Aff,19.882,22.47,2.588,24.355,20.188,-4.167
nu_3,nu,3,Emory TY,Macalester KS,Neg,27.201,25.13,-2.071,29.593,31.705,2.111
nu_3,nu,3,Emory AT,Wake Forest DM,Aff,29.928,30.719,0.791,23.701,21.977,-1.724
nu_3,nu,3,Southern California LP,Georgia KL,Neg,23.113,19.773,-3.34,21.64,23.361,1.721
nu_3,nu,3,Kansas AW,Michigan FP,Aff,28.345,29.233,0.888,25.025,22.636,-2.389
nu_3,nu,3,Dartmouth HH,Texas AL (Low/Andrew),Neg,23.958,21.998,-1.96,27.514,29.268,1.754
nu_3,nu,3,Kansas CC,Georgetown CL,Aff,24.81,26.22,1.41,24.188,21.284,-2.904
nu_3,nu,3,Michigan State BS,Kansas State SF,Aff,24.56,26.544,1.983,19.858,18.306,-1.552
nu_3,nu,3,Michigan State FM,Kansas FH,Aff,27.609,29.35,1.741,23.591,21.62,-1.971
nu_3,nu,3,Harvard GM,Wake Forest NS,Aff,24.344,26.882,2.538,22.155,20.257,-1.898
nu_3,nu,3,Michigan AD,Georgia CP,Neg,26.497,22.333,-4.164,24.439,25.998,1.559
nu_3,nu,3,Michigan AR,Dartmouth JT,Neg,24.092,21.134,-2.958,25.209,27.198,1.989
nu_3,nu,3,UC Berkeley GS,Emory JR,Aff,24.871,26.196,1.325,23.681,21.227,-2.454
nu_3,nu,3,Emory HT,Baylor BK,Aff,25.439,28.976,3.537,25.604,24.178,-1.427
nu_3,nu,3,Georgetown LN,Emory ChSt,Aff,24.329,25.418,1.089,21.356,19.095,-2.261
nu_3,nu,3,Kansas BF,Emory CF,Aff,28.705,29.999,1.294,26.065,24.71,-1.356
nu_3,nu,3,Southern California DP,Michigan State KP,Neg,25.428,23.815,-1.614,28.036,30.779,2.743
nu_3,nu,3,Georgetown RM,Emory OP,Neg,24.314,22.206,-2.107,27.841,28.99,1.15
nu_3,nu,3,Northwestern LP,Wyoming HW,Aff,24.705,27.502,2.796,24.347,23.007,-1.34
nu_3,nu,3,Northwestern KM,Georgetown BP,Aff,23.428,26.16,2.732,23.742,21.087,-2.655
nu_3,nu,3,Iowa BS,Northwestern CY,Neg,25.761,24.186,-1.575,23.63,27.274,3.644
nu_3,nu,3,UC Berkeley AW,Harvard AB,Neg,27.353,24.156,-3.197,28.115,29.327,1.212
nu_3,nu,3,Emory SW,Kansas BB,Aff,27.148,29.285,2.137,25.248,24.027,-1.221
nu_3,nu,3,Dartmouth CS,Emory CS,Aff,26.203,28.6,2.397,24.377,21.905,-2.472
nu_3,nu,3,Kansas BT,Western Kentucky IN,Neg,28.007,23.652,-4.355,21.379,25.168,3.789
nu_3,nu,3,Kansas BS,Western Kentucky KN,Neg,24.094,21.511,-2.583,24.412,25.728,1.316
nu_3,nu,3,CSU Long Beach EM,Western Kentucky CS,Aff,24.641,26.349,1.708,26.536,24.563,-1.974
nu_3,nu,3,Kansas PL,Wake Forest LW,Aff,26.289,27.713,1.424,24.418,21.965,-2.454
nu_3,nu,3,Emory CrSm,Gonzaga AG,Aff,17.197,20.021,2.823,16.675,13.981,-2.694
nu_3,nu,3,Trinity CO,Emory ST,Aff,16.174,19.816,3.642,18.237,16.526,-1.71
nu_3,nu,3,Michigan LS,Indiana DJ,Aff,15.778,18.364,2.587,15.657,13.544,-2.113
nu_3,nu,3,Missouri State CP,West Georgia GK,Neg,12.413,10.729,-1.684,18.821,20.129,1.308
nu_3,nu,3,Michigan BB,Trinity BK,Neg,18.237,13.93,-4.307,13.907,16.292,2.385
nu_3,nu,3,Kansas State DD,Emory GW,Aff,15.455,17.115,1.66,15.732,12.909,-2.823
nu_3,nu,3,Wake Forest HN,West Georgia HL,Aff,23.621,24.331,0.71,17.862,16.036,-1.826
nu_3,nu,3,Baylor LM,Kansas LL,Aff,18.148,19.548,1.4,14.467,13.175,-1.292
nu_3,nu,3,Washburn LR,Baylor PA,Neg,17.262,14.422,-2.84,17.204,20.038,2.834
nu_3,nu,3,Texas GS,Utah BH,Aff,18.727,21.109,2.383,17.908,14.983,-2.926
nu_3,nu,3,Dartmouth DO,Wake Forest PT,Neg,17.678,14.229,-3.449,15.807,18.667,2.86
nu_3,nu,3,Missouri State BM,Oklahoma PS,Aff,13.096,17.656,4.56,17.903,14.635,-3.268
nu_3,nu,3,Missouri State DH,Utah VP,Neg,16.251,13.263,-2.988,15.257,17.459,2.202
nu_3,nu,3,Western Kentucky HM,Wyoming LW,Aff,17.035,19.247,2.212,13.717,11.681,-2.036
nu_3,nu,3,Michigan BP,Iowa LS,Aff,18.146,20.7,2.554,17.249,14.968,-2.281
nu_4,nu,4,Emory SY,Georgetown LN,Neg,36.628,33.419,-3.209,25.418,28.898,3.48
nu_4,nu,4,Dartmouth RU,Northwestern LP,Neg,35.175,31.209,-3.965,27.502,31.223,3.722
nu_4,nu,4,Michigan CS,UC Berkeley GS,Aff,34.952,35.377,0.424,26.196,25.73,-0.466
nu_4,nu,4,Southern California MT,North Texas BV,Neg,31.339,28.904,-2.435,22.47,26.136,3.666
nu_4,nu,4,Michigan State KP,Kansas SS,Neg,30.779,27.899,-2.88,30.118,32.329,2.211
nu_4,nu,4,Michigan State LM,Harvard DS,Aff,35.594,36.994,1.4,35.161,33.843,-1.319
nu_4,nu,4,Baylor BK,Missouri State NC,Neg,24.178,22.66,-1.517,22.969,25.825,2.857
nu_4,nu,4,Kansas UO,Emory GY,Neg,38.993,37.936,-1.057,41.918,43.084,1.166
nu_4,nu,4,Michigan ES,UTD DH,Aff,41.514,42.167,0.653,34.067,33.545,-0.522
nu_4,nu,4,Texas AG,Michigan AO,Aff,34.908,36.833,1.925,33.208,32.179,-1.029
nu_4,nu,4,Northwestern LT,Dartmouth CG,Neg,38.215,36.294,-1.922,35.642,37.371,1.729
nu_4,nu,4,UC Berkeley BM,Michigan BS,Neg,35.545,34.021,-1.523,38.425,40.39,1.965
nu_4,nu,4,Michigan AC,Michigan State BS,Aff,30.497,32.154,1.657,26.544,24.78,-1.764
nu_4,nu,4,Wake Forest LP,Dartmouth CS,Aff,30.855,31.94,1.085,28.6,26.5,-2.1
nu_4,nu,4,Houston FI,Emory HT,Aff,26.42,28.226,1.806,28.976,25.672,-3.304
nu_4,nu,4,Iowa EW,Harvard GM,Neg,31.476,29.776,-1.7,26.882,30.821,3.938
nu_4,nu,4,UTD RH,Northwestern KM,Neg,30.033,28.372,-1.661,26.16,29.547,3.387
nu_4,nu,4,Dartmouth RS,Michigan State FM,Neg,29.095,27.149,-1.947,29.35,31.567,2.217
nu_4,nu,4,Western Kentucky IN,Emory SW,Aff,25.168,28.016,2.848,29.285,26.486,-2.799
nu_4,nu,4,Wake Forest AM,Kansas BF,Neg,27.313,26.11,-1.204,29.999,31.133,1.134
nu_4,nu,4,Texas AL (Low/Andrew),Southern California BM,Aff,29.268,31.727,2.459,29.943,28.616,-1.327
nu_4,nu,4,Northwestern CY,Kansas PL,Aff,27.274,29.672,2.398,27.713,26.087,-1.626
nu_4,nu,4,Kentucky RS,CSU Long Beach EM,Neg,29.246,27.528,-1.718,26.349,28.035,1.686
nu_4,nu,4,Macalester KS,Michigan State JS,Neg,31.705,28.924,-2.781,30.148,31.547,1.399
nu_4,nu,4,Michigan GV,Kentucky CS,Aff,30.019,32.845,2.826,31.888,29.376,-2.512
nu_4,nu,4,Georgia KL,George Mason CD,Neg,23.361,22.619,-0.741,29.365,30.408,1.043
nu_4,nu,4,Georgia CP,Emory AT,Aff,25.998,28.129,2.131,30.719,28.353,-2.365
nu_4,nu,4,Iowa LS,Emory CrSm,Aff,14.968,18.031,3.063,20.021,16.307,-3.714
nu_4,nu,4,Baylor PA,Iowa KP,Neg,20.038,19.411,-0.626,31.43,31.727,0.297
nu_4,nu,4,Indiana DJ,Iowa BS,Neg,13.544,13.048,-0.496,24.186,24.503,0.317
nu_4,nu,4,Emory OP,Kansas AW,Neg,28.99,27.38,-1.611,29.233,30.484,1.251
nu_4,nu,4,Wake Forest DM,Texas GS,Aff,21.977,24.323,2.346,21.109,19.03,-2.079
nu_4,nu,4,Wake Forest NS,Baylor MM,Aff,20.257,21.806,1.549,17.51,15.177,-2.334
nu_4,nu,4,Gonzaga AG,Kansas BT,Neg,13.981,13.119,-0.862,23.652,24.396,0.744
nu_4,nu,4,Dartmouth JT,Kansas CC,Aff,27.198,29.17,1.972,26.22,24.916,-1.304
nu_4,nu,4,Harvard AB,Georgetown GT,Neg,29.327,27.772,-1.555,28.166,29.805,1.638
nu_4,nu,4,Emory MW,Wake Forest BS,Neg,28.733,26.34,-2.393,28.492,30.66,2.168
nu_4,nu,4,Western Kentucky KN,Northwestern JP,Neg,25.728,24.998,-0.73,30.709,32.052,1.343
nu_4,nu,4,Wake Forest PT,George Mason WW,Neg,18.667,18.193,-0.474,30.77,31.017,0.247
nu_4,nu,4,Trinity BK,Liberty CL,Neg,16.292,16.088,-0.204,30.327,30.496,0.169
nu_4,nu,4,West Georgia GK,Harvard HL,Neg,20.129,19.415,-0.714,30.285,31.134,0.849
nu_4,nu,4,Kansas State SF,Trinity CO,Aff,18.306,20.769,2.463,19.816,17.276,-2.54
nu_4,nu,4,Kansas BB,Kansas State DD,Aff,24.027,24.639,0.612,17.115,16.428,-0.687
nu_4,nu,4,Emory CF,Gonzaga MP,Neg,24.71,22.883,-1.827,21.821,25.061,3.24
nu_4,nu,4,Western Kentucky CS,Michigan BP,Aff,24.563,25.425,0.862,20.7,19.023,-1.677
nu_4,nu,4,Michigan FP,Western Kentucky HM,Aff,22.636,24.39,1.754,19.247,17.4,-1.846
nu_4,nu,4,Wake Forest LW,Southern California LP,Aff,21.965,23.823,1.858,19.773,17.986,-1.787
nu_4,nu,4,Georgetown BP,Michigan BL,Aff,21.087,23.678,2.591,21.922,20.608,-1.313
nu_4,nu,4,Wyoming HW,Missouri State BM,Aff,23.007,23.728,0.72,17.656,16.094,-1.562
nu_4,nu,4,Emory CS,Dartmouth HH,Aff,21.905,24.398,2.493,21.998,19.729,-2.269
nu_4,nu,4,Dartmouth BJ,Emory TY,Neg,20.188,18.81,-1.378,25.13,26.493,1.363
nu_4,nu,4,Emory JR,Baylor LM,Aff,21.227,23.083,1.856,19.548,18.088,-1.46
nu_4,nu,4,Georgetown CL,Michigan LS,Neg,21.284,18.361,-2.924,18.364,21.032,2.668
nu_4,nu,4,Indiana TF,Kansas BS,Neg,17.176,16.257,-0.919,21.511,22.857,1.345
nu_4,nu,4,Kansas FH,Georgetown RM,Aff,21.62,24.142,2.522,22.206,19.825,-2.381
nu_4,nu,4,Utah VP,Wake Forest HN,Neg,17.459,16.593,-0.866,24.331,24.91,0.579
nu_4,nu,4,Kansas PB,Missouri State DS,Aff,22.429,23.472,1.043,18.228,17.132,-1.096
nu_4,nu,4,Georgetown VX,UC Berkeley AW,Neg,21.922,20.629,-1.293,24.156,26.261,2.105
nu_4,nu,4,Emory ChSt,Michigan AD,Neg,19.095,17.423,-1.672,22.333,24.178,1.846
nu_4,nu,4,Emory GW,Michigan AR,Neg,12.909,12.041,-0.868,21.134,22.253,1.119
nu_4,nu,4,Wyoming LW,Dartmouth BC,Neg,11.681,11.157,-0.524,24.017,24.269,0.252
nu_4,nu,4,Utah BH,Southern California DP,Neg,14.983,13.95,-1.033,23.815,24.54,0.725
nu_4,nu,4,Emory ST,Washburn LR,Neg,16.526,14.933,-1.594,14.422,17.539,3.117
nu_4,nu,4,Kansas LL,Dartmouth DO,Neg,13.175,11.754,-1.421,14.229,16.563,2.333
nu_4,nu,4,West Georgia HL,Missouri State DH,Neg,16.036,12.905,-3.131,13.263,15.917,2.653
nu_4,nu,4,Oklahoma PS,Michigan BB,Neg,14.635,12.421,-2.214,13.93,16.374,2.444
nu_5,nu,5,Michigan State JS,Dartmouth CG,Aff,31.547,33.585,2.039,37.371,35.336,-2.035
nu_5,nu,5,Emory GY,Michigan ES,Neg,43.084,41.554,-1.531,42.167,43.803,1.636
nu_5,nu,5,Texas AG,Michigan CS,Neg,36.833,34.66,-2.173,35.377,36.773,1.397
nu_5,nu,5,Michigan BS,Michigan State LM,Aff,40.39,42.002,1.611,36.994,36.167,-0.827
nu_5,nu,5,Kansas SS,Wake Forest BS,Neg,32.329,30.118,-2.211,30.66,32.811,2.151
nu_5,nu,5,Houston FI,Northwestern LT,Neg,28.226,27.724,-0.502,36.294,36.738,0.444
nu_5,nu,5,Baylor BK,West Georgia GK,Aff,22.66,23.553,0.893,19.415,17.846,-1.569
nu_5,nu,5,Michigan AO,Kansas BF,Neg,32.179,30.854,-1.326,31.133,32.671,1.538
nu_5,nu,5,Dartmouth JT,UTD DH,Aff,29.17,31.877,2.707,33.545,31.779,-1.766
nu_5,nu,5,Southern California MT,Northwestern KM,Neg,28.904,27.934,-0.97,29.547,31.367,1.82
nu_5,nu,5,Michigan State FM,Dartmouth RU,Aff,31.567,33.419,1.852,31.209,29.422,-1.787
nu_5,nu,5,Kansas UO,Michigan GV,Aff,37.936,38.637,0.7,32.845,31.625,-1.22
nu_5,nu,5,Georgetown LN,Michigan AC,Neg,28.898,28.091,-0.807,32.154,33.783,1.629
nu_5,nu,5,Harvard GM,Emory SY,Neg,30.821,29.229,-1.592,33.419,34.25,0.831
nu_5,nu,5,Liberty CL,George Mason CD,Neg,30.496,29.126,-1.37,30.408,32.24,1.832
nu_5,nu,5,Georgia CP,North Texas BV,Aff,28.129,29.11,0.98,26.136,24.96,-1.176
nu_5,nu,5,Harvard DS,Western Kentucky IN,Aff,33.843,34.433,0.591,28.016,27.109,-0.907
nu_5,nu,5,George Mason WW,Wake Forest LP,Neg,31.017,29.839,-1.178,31.94,33.177,1.237
nu_5,nu,5,Kansas AW,Oklahoma BW,Neg,30.484,27.803,-2.681,18.736,23.084,4.348
nu_5,nu,5,Harvard HL,Northwestern JP,Neg,31.134,28.945,-2.189,32.052,33.71,1.658
nu_5,nu,5,Georgetown GT,UC Berkeley BM,Neg,29.805,29.049,-0.756,34.021,35.237,1.216
nu_5,nu,5,CSU Long Beach EM,Northwestern CY,Aff,28.035,29.254,1.219,29.672,27.366,-2.306
nu_5,nu,5,Gonzaga MP,Iowa EW,Neg,25.061,23.84,-1.221,29.776,30.43,0.654
nu_5,nu,5,Wake Forest AM,UC Berkeley AW,Aff,26.11,27.453,1.343,26.261,24.036,-2.225
nu_5,nu,5,Kansas PB,Macalester KS,Neg,23.472,22.692,-0.78,28.924,29.957,1.033
nu_5,nu,5,Emory AT,Kansas FH,Aff,28.353,29.136,0.783,24.142,22.765,-1.377
nu_5,nu,5,Trinity BK,Iowa LS,Neg,16.088,14.786,-1.302,18.031,19.575,1.544
nu_5,nu,5,Iowa KP,Northwestern LP,Neg,31.727,30.397,-1.33,31.223,33.196,1.973
nu_5,nu,5,Iowa BS,Georgetown BP,Neg,24.503,23.166,-1.337,23.678,25.77,2.091
nu_5,nu,5,Emory TY,UC Berkeley GS,Aff,26.493,28.425,1.932,25.73,24.529,-1.201
nu_5,nu,5,Dartmouth RS,Wake Forest DM,Neg,27.149,24.981,-2.167,24.323,27.099,2.777
nu_5,nu,5,Michigan LS,Wake Forest NS,Aff,21.032,22.976,1.944,21.806,19.771,-2.034
nu_5,nu,5,Gonzaga AG,Utah BH,Neg,13.119,11.077,-2.043,13.95,16.091,2.141
nu_5,nu,5,Emory SW,Missouri State NC,Aff,26.486,28.048,1.562,25.825,23.945,-1.881
nu_5,nu,5,Emory JR,UTD RH,Aff,23.083,26.122,3.039,28.372,26.621,-1.751
nu_5,nu,5,Kentucky CS,Emory HT,Neg,29.376,26.849,-2.527,25.672,28.431,2.759
nu_5,nu,5,Southern California DP,Kentucky RS,Neg,24.54,23.12,-1.42,27.528,28.297,0.769
nu_5,nu,5,Georgia KL,Wyoming HW,Aff,22.619,24.198,1.578,23.728,22.276,-1.452
nu_5,nu,5,Western Kentucky KN,Kansas CC,Aff,24.998,26.235,1.237,24.916,23.549,-1.367
nu_5,nu,5,Emory MW,Kansas BS,Neg,26.34,23.654,-2.686,22.857,25.206,2.35
nu_5,nu,5,Michigan AR,Kansas BT,Neg,22.253,20.336,-1.917,24.396,26.012,1.616
nu_5,nu,5,Emory OP,Kansas State SF,Aff,27.38,27.997,0.617,20.769,19.867,-0.903
nu_5,nu,5,Wake Forest HN,Kansas PL,Neg,24.91,23.799,-1.111,26.087,27.41,1.322
nu_5,nu,5,Michigan AD,Dartmouth CS,Neg,24.178,22.456,-1.722,26.5,28.118,1.618
nu_5,nu,5,Dartmouth BC,Michigan FP,Aff,24.269,25.516,1.246,24.39,22.109,-2.281
nu_5,nu,5,Michigan State BS,Kansas BB,Aff,24.78,27.111,2.331,24.639,23.436,-1.203
nu_5,nu,5,Western Kentucky CS,Southern California BM,Aff,25.425,27.193,1.768,28.616,26.965,-1.65
nu_5,nu,5,Michigan State KP,Wake Forest LW,Aff,27.899,29.4,1.5,23.823,22.538,-1.285
nu_5,nu,5,Harvard AB,Emory CS,Aff,27.772,28.563,0.791,24.398,22.825,-1.572
nu_5,nu,5,Washburn LR,Missouri State DS,Neg,17.539,15.429,-2.11,17.132,18.662,1.53
nu_5,nu,5,Indiana TF,Missouri State DH,Aff,16.257,17.544,1.287,15.917,14.021,-1.896
nu_5,nu,5,Dartmouth DO,Baylor MM,Aff,16.563,18.293,1.73,15.177,13.018,-2.159
nu_5,nu,5,Trinity CO,Wake Forest PT,Neg,17.276,15.559,-1.717,18.193,20.113,1.92
nu_5,nu,5,Emory CF,Kansas State DD,Aff,22.883,23.509,0.626,16.428,15.767,-0.661
nu_5,nu,5,Georgetown VX,Dartmouth BJ,Aff,20.629,21.866,1.238,18.81,17.084,-1.726
nu_5,nu,5,Michigan BP,Western Kentucky HM,Aff,19.023,20.695,1.672,17.4,15.504,-1.896
nu_5,nu,5,Georgetown RM,Texas GS,Neg,19.825,17.722,-2.103,19.03,21.16,2.13
nu_5,nu,5,Dartmouth HH,Missouri State BM,Aff,19.729,21.089,1.36,16.094,14.562,-1.532
nu_5,nu,5,Missouri State CP,Emory CrSm,Neg,10.729,9.176,-1.554,16.307,17.423,1.117
nu_5,nu,5,Utah VP,Emory ChSt,Neg,16.593,15.082,-1.51,17.423,19.336,1.913
nu_5,nu,5,Baylor LM,Michigan BL,Neg,18.088,16.846,-1.242,20.608,21.496,0.888
nu_5,nu,5,Southern California LP,Baylor PA,Aff,17.986,20.088,2.102,19.411,16.838,-2.573
nu_5,nu,5,Georgetown CL,Michigan BB,Aff,18.361,19.942,1.582,16.374,14.776,-1.598
nu_5,nu,5,Indiana DJ,Kansas LL,Aff,13.048,14.67,1.621,11.754,10.46,-1.294
nu_5,nu,5,Emory ST,Oklahoma PS,Aff,14.933,15.896,0.963,12.421,10.945,-1.476
nu_6,nu,6,Michigan ES,Michigan State JS,Aff,43.803,44.097,0.294,33.585,33.358,-0.227
nu_6,nu,6,Michigan CS,Dartmouth JT,Neg,36.773,35.04,-1.734,31.877,34.235,2.357
nu_6,nu,6,Dartmouth CG,Michigan BS,Neg,35.336,34.904,-0.432,42.002,42.878,0.876
nu_6,nu,6,Northwestern LT,Emory JR,Aff,36.738,36.998,0.26,26.122,25.783,-0.339
nu_6,nu,6,Texas GS,Kansas SS,Neg,21.16,20.596,-0.564,30.118,30.65,0.532
nu_6,nu,6,Michigan State LM,Emory TY,Aff,36.167,36.59,0.423,28.425,27.764,-0.661
nu_6,nu,6,Emory SY,Western Kentucky CS,Aff,34.25,34.67,0.42,27.193,26.752,-0.44
nu_6,nu,6,Oklahoma BW,Emory OP,Aff,23.084,25.272,2.188,27.997,25.994,-2.002
nu_6,nu,6,Wake Forest BS,Dartmouth BC,Aff,32.811,33.478,0.667,25.516,25.052,-0.464
nu_6,nu,6,Wake Forest LP,Michigan State FM,Aff,33.177,34.361,1.183,33.419,31.648,-1.771
nu_6,nu,6,Northwestern JP,Wake Forest AM,Aff,33.71,34.523,0.813,27.453,26.874,-0.579
nu_6,nu,6,George Mason CD,Georgia CP,Aff,32.24,33.348,1.108,29.11,28.349,-0.761
nu_6,nu,6,Northwestern LP,Kansas UO,Neg,33.196,32.367,-0.828,38.637,39.257,0.62
nu_6,nu,6,UC Berkeley BM,Harvard DS,Aff,35.237,36.803,1.565,34.433,33.422,-1.011
nu_6,nu,6,Northwestern KM,Emory GY,Neg,31.367,30.978,-0.389,41.554,41.846,0.293
nu_6,nu,6,UTD DH,Michigan LS,Aff,31.779,32.108,0.329,22.976,22.468,-0.508
nu_6,nu,6,Dartmouth RU,Western Kentucky KN,Aff,29.422,30.614,1.192,26.235,25.483,-0.752
nu_6,nu,6,Western Kentucky IN,Michigan State BS,Aff,27.109,28.621,1.512,27.111,25.231,-1.88
nu_6,nu,6,Kansas BF,Texas AG,Aff,32.671,34.074,1.403,34.66,32.744,-1.916
nu_6,nu,6,North Texas BV,Harvard AB,Neg,24.96,24.11,-0.849,28.563,29.302,0.739
nu_6,nu,6,Michigan AC,CSU Long Beach EM,Neg,33.783,30.856,-2.927,29.254,30.659,1.405
nu_6,nu,6,Northwestern CY,Emory SW,Aff,27.366,29.032,1.666,28.048,26.444,-1.604
nu_6,nu,6,Macalester KS,Harvard GM,Aff,29.957,31.491,1.534,29.229,27.656,-1.573
nu_6,nu,6,Michigan GV,Houston FI,Aff,31.625,32.834,1.209,27.724,26.894,-0.83
nu_6,nu,6,Kentucky RS,Emory AT,Neg,28.297,27.347,-0.95,29.136,30.274,1.138
nu_6,nu,6,Iowa LS,Michigan AO,Neg,19.575,19.251,-0.325,30.854,31.05,0.197
nu_6,nu,6,Missouri State DS,Iowa KP,Neg,18.662,18.428,-0.234,30.397,30.595,0.198
nu_6,nu,6,Missouri State NC,Iowa BS,Aff,23.945,25.583,1.638,23.166,22.137,-1.029
nu_6,nu,6,Kansas BT,Georgia KL,Aff,26.012,27.57,1.558,24.198,23.234,-0.963
nu_6,nu,6,Wake Forest DM,Kansas AW,Neg,27.099,25.332,-1.767,27.803,28.698,0.895
nu_6,nu,6,Wake Forest NS,Baylor BK,Neg,19.771,18.664,-1.107,23.553,24.332,0.779
nu_6,nu,6,Kansas LL,Gonzaga AG,Aff,10.46,11.814,1.355,11.077,8.933,-2.143
nu_6,nu,6,Dartmouth CS,Georgetown LN,Aff,28.118,30.011,1.893,28.091,27.018,-1.073
nu_6,nu,6,Kansas PL,Georgetown GT,Neg,27.41,26.308,-1.101,29.049,30.023,0.974
nu_6,nu,6,Iowa EW,Michigan State KP,Aff,30.43,31.351,0.921,29.4,27.525,-1.874
nu_6,nu,6,Georgetown BP,George Mason WW,Neg,25.77,24.75,-1.02,29.839,30.543,0.704
nu_6,nu,6,Kansas BS,Liberty CL,Neg,25.206,24.192,-1.014,29.126,29.911,0.784
nu_6,nu,6,Emory HT,Harvard HL,Neg,28.431,26.858,-1.573,28.945,30.85,1.905
nu_6,nu,6,Emory CrSm,Southern California MT,Neg,17.423,16.961,-0.462,27.934,28.153,0.218
nu_6,nu,6,UTD RH,Dartmouth DO,Aff,26.621,26.956,0.335,18.293,17.642,-0.651
nu_6,nu,6,UC Berkeley GS,Southern California LP,Aff,24.529,25.249,0.719,20.088,19.04,-1.049
nu_6,nu,6,Kansas CC,Gonzaga MP,Aff,23.549,24.73,1.181,23.84,22.001,-1.839
nu_6,nu,6,Michigan FP,Dartmouth HH,Aff,22.109,23.711,1.602,21.089,19.497,-1.592
nu_6,nu,6,Emory CS,Georgetown VX,Neg,22.825,20.783,-2.042,21.866,23.33,1.463
nu_6,nu,6,Southern California BM,Georgetown CL,Aff,26.965,27.387,0.422,19.942,19.202,-0.74
nu_6,nu,6,Kansas BB,Michigan BP,Aff,23.436,24.292,0.856,20.695,19.331,-1.364
nu_6,nu,6,Wake Forest LW,Indiana TF,Neg,22.538,19.702,-2.836,17.544,19.381,1.836
nu_6,nu,6,Wyoming HW,Emory CF,Aff,22.276,23.58,1.304,23.509,22.032,-1.477
nu_6,nu,6,Kansas State SF,Kansas PB,Neg,19.867,18.578,-1.289,22.692,23.673,0.981
nu_6,nu,6,UC Berkeley AW,Wake Forest HN,Aff,24.036,25.838,1.802,23.799,22.738,-1.061
nu_6,nu,6,Kansas FH,Michigan AR,Neg,22.765,20.617,-2.148,20.336,22.81,2.474
nu_6,nu,6,Wake Forest PT,Dartmouth RS,Aff,20.113,22.861,2.748,24.981,22.717,-2.264
nu_6,nu,6,Michigan BL,Southern California DP,Neg,21.496,20.61,-0.887,23.12,24.534,1.414
nu_6,nu,6,Emory ChSt,Kentucky CS,Neg,19.336,18.621,-0.715,26.849,27.5,0.651
nu_6,nu,6,Baylor MM,Michigan AD,Neg,13.018,12.342,-0.675,22.456,23.054,0.598
nu_6,nu,6,Missouri State DH,Emory MW,Neg,14.021,13.557,-0.464,23.654,24.138,0.485
nu_6,nu,6,Dartmouth BJ,West Georgia HL,Aff,17.084,18.165,1.081,12.905,11.532,-1.373
nu_6,nu,6,Emory GW,Washburn LR,Neg,12.041,10.62,-1.421,15.429,16.575,1.146
nu_6,nu,6,Western Kentucky HM,Missouri State CP,Neg,15.504,12.579,-2.924,9.176,12.923,3.748
nu_6,nu,6,Baylor PA,Emory ST,Aff,16.838,18.648,1.81,15.896,14.873,-1.022
nu_6,nu,6,Missouri State BM,Trinity CO,Neg,14.562,12.808,-1.753,15.559,17.039,1.48
nu_6,nu,6,Kansas State DD,Georgetown RM,Aff,15.767,17.313,1.546,17.722,15.615,-2.107
nu_6,nu,6,West Georgia GK,Indiana DJ,Aff,17.846,19.155,1.308,14.67,13.571,-1.099
nu_6,nu,6,Utah BH,Baylor LM,Neg,16.091,14.16,-1.931,16.846,18.069,1.223
nu_6,nu,6,Michigan BB,Utah VP,Aff,14.776,16.558,1.782,15.082,13.57,-1.512
nu_6,nu,6,Oklahoma PS,Trinity BK,Neg,10.945,9.883,-1.063,14.786,15.717,0.931
nu_7,nu,7,UTD DH,Michigan State FM,Aff,32.108,33.094,0.986,31.648,30.236,-1.412
nu_7,nu,7,Wake Forest BS,UC Berkeley BM,Aff,33.478,35.495,2.017,36.803,34.898,-1.905
nu_7,nu,7,West Georgia HL,Indiana DJ,Aff,11.532,13.791,2.259,13.571,11.936,-1.634
nu_7,nu,7,Northwestern LP,George Mason WW,Aff,32.367,33.549,1.182,30.543,29.685,-0.858
nu_7,nu,7,Kansas BB,North Texas BV,Aff,24.292,25.383,1.091,24.11,22.963,-1.147
nu_7,nu,7,Dartmouth RS,Michigan BB,Neg,22.717,20.49,-2.228,16.558,19.088,2.53
nu_7,nu,7,Emory JR,Michigan AR,Aff,25.783,26.795,1.013,22.81,21.563,-1.247
nu_7,nu,7,Southern California BM,Houston FI,Aff,27.387,28.341,0.954,26.894,25.709,-1.185
nu_7,nu,7,Emory SW,Georgetown BP,Neg,26.444,24.891,-1.553,24.75,26.417,1.667
nu_7,nu,7,Georgia CP,Western Kentucky IN,Aff,28.349,29.382,1.033,28.621,27.153,-1.469
nu_7,nu,7,Emory CrSm,Dartmouth HH,Aff,16.961,19.161,2.2,19.497,17.59,-1.907
nu_7,nu,7,Southern California MT,Kansas SS,Neg,28.153,27.445,-0.707,30.65,31.868,1.218
nu_7,nu,7,Michigan AD,Michigan State BS,Neg,23.054,21.648,-1.406,25.231,26.478,1.247
nu_7,nu,7,Kansas LL,Baylor MM,Neg,11.814,10.735,-1.079,12.342,14.233,1.891
nu_7,nu,7,Missouri State CP,Texas GS,Neg,12.923,12.169,-0.754,20.596,21.222,0.626
nu_7,nu,7,Georgetown LN,Wake Forest PT,Aff,27.018,27.633,0.615,22.861,21.9,-0.961
nu_7,nu,7,Michigan State LM,Oklahoma BW,Aff,36.59,36.783,0.193,25.272,25.061,-0.211
nu_7,nu,7,Oklahoma PS,Gonzaga AG,Neg,9.883,8.341,-1.542,8.933,10.75,1.817
nu_7,nu,7,Emory ST,Utah BH,Aff,14.873,15.837,0.963,14.16,12.505,-1.655
nu_7,nu,7,Western Kentucky CS,Southern California DP,Neg,26.752,25.472,-1.281,24.534,26.339,1.805
nu_7,nu,7,Michigan BL,Trinity BK,Aff,20.61,21.15,0.54,15.717,14.978,-0.739
nu_7,nu,7,Western Kentucky HM,Utah VP,Aff,12.579,14.389,1.809,13.57,12.149,-1.421
nu_7,nu,7,Kansas CC,Missouri State NC,Aff,24.73,25.879,1.148,25.583,23.928,-1.655
nu_7,nu,7,Emory TY,Michigan State KP,Neg,27.764,26.195,-1.569,27.525,29.224,1.699
nu_7,nu,7,Dartmouth RU,Michigan GV,Neg,30.614,29.492,-1.122,32.834,34.099,1.265
nu_7,nu,7,Western Kentucky KN,Kansas PB,Aff,25.483,26.318,0.835,23.673,22.634,-1.039
nu_7,nu,7,Georgetown CL,Kansas State SF,Aff,19.202,20.654,1.452,18.578,17.18,-1.398
nu_7,nu,7,Liberty CL,Northwestern CY,Aff,29.911,30.944,1.033,29.032,27.767,-1.264
nu_7,nu,7,Georgetown VX,Dartmouth BC,Neg,23.33,22.291,-1.039,25.052,25.985,0.934
nu_7,nu,7,Missouri State DS,Trinity CO,Aff,18.428,19.545,1.117,17.039,15.74,-1.299
nu_7,nu,7,Kansas PL,Wake Forest DM,Neg,26.308,25.068,-1.241,25.332,27.067,1.735
nu_7,nu,7,Iowa BS,Baylor PA,Neg,22.137,20.737,-1.4,18.648,20.979,2.331
nu_7,nu,7,Northwestern KM,Texas AG,Neg,30.978,29.741,-1.237,32.744,33.823,1.078
nu_7,nu,7,Dartmouth JT,Kansas UO,Neg,34.235,33.55,-0.684,39.257,39.864,0.607
nu_7,nu,7,Emory GW,Missouri State DH,Neg,10.62,9.33,-1.29,13.557,14.645,1.088
nu_7,nu,7,Kansas State DD,Wake Forest NS,Aff,17.313,18.636,1.323,18.664,16.959,-1.705
nu_7,nu,7,Washburn LR,Emory CS,Neg,16.575,15.638,-0.937,20.783,21.747,0.964
nu_7,nu,7,Gonzaga MP,Iowa LS,Aff,22.001,23.086,1.085,19.251,18.106,-1.145
nu_7,nu,7,Harvard HL,Iowa KP,Aff,30.85,32.577,1.727,30.595,29.53,-1.064
nu_7,nu,7,Emory GY,Kansas BT,Aff,41.846,41.961,0.115,27.57,27.41,-0.16
nu_7,nu,7,Kansas FH,Dartmouth BJ,Aff,20.617,21.804,1.187,18.165,16.963,-1.202
nu_7,nu,7,Macalester KS,Harvard DS,Aff,31.491,33.323,1.832,33.422,32.202,-1.221
nu_7,nu,7,Michigan AC,Harvard AB,Neg,30.856,29.03,-1.827,29.302,30.473,1.171
nu_7,nu,7,Emory AT,Dartmouth CG,Neg,30.274,29.655,-0.619,34.904,35.458,0.554
nu_7,nu,7,Emory HT,Kansas BS,Aff,26.858,27.994,1.136,24.192,23.168,-1.025
nu_7,nu,7,Georgetown RM,Missouri State BM,Neg,15.615,13.78,-1.835,12.808,14.966,2.158
nu_7,nu,7,Harvard GM,Michigan FP,Aff,27.656,28.605,0.949,23.711,22.701,-1.01
nu_7,nu,7,Wyoming HW,Kentucky RS,Neg,23.58,22.919,-0.661,27.347,27.948,0.601
nu_7,nu,7,Michigan BP,Wake Forest LW,Neg,19.331,17.848,-1.483,19.702,21.104,1.402
nu_7,nu,7,Northwestern JP,Michigan BS,Neg,34.523,33.999,-0.524,42.878,43.469,0.591
nu_7,nu,7,Kansas AW,Michigan AO,Neg,28.698,27.977,-0.721,31.05,31.853,0.803
nu_7,nu,7,Michigan ES,Kansas BF,Aff,44.097,44.383,0.286,34.074,33.834,-0.239
nu_7,nu,7,Wake Forest AM,Indiana TF,Aff,26.874,27.309,0.435,19.381,18.98,-0.401
nu_7,nu,7,Kentucky CS,Emory OP,Neg,27.5,25.706,-1.794,25.994,27.269,1.274
nu_7,nu,7,Wake Forest HN,Southern California LP,Aff,22.738,23.394,0.656,19.04,18.024,-1.016
nu_7,nu,7,Baylor BK,UTD RH,Neg,24.332,23.481,-0.851,26.956,27.694,0.738
nu_7,nu,7,UC Berkeley AW,Emory MW,Aff,25.838,27.089,1.251,24.138,22.822,-1.316
nu_7,nu,7,Northwestern LT,Wake Forest LP,Neg,36.998,35.467,-1.53,34.361,35.771,1.411
nu_7,nu,7,Baylor LM,Emory CF,Neg,18.069,17.271,-0.798,22.032,22.733,0.701
nu_7,nu,7,Dartmouth CS,Michigan State JS,Aff,30.011,32.212,2.2,33.358,32.036,-1.322
nu_7,nu,7,Emory ChSt,West Georgia GK,Aff,18.621,20.298,1.677,19.155,17.492,-1.663
nu_7,nu,7,Michigan LS,UC Berkeley GS,Aff,22.468,24.454,1.986,25.249,23.798,-1.451
nu_7,nu,7,George Mason CD,Michigan CS,Neg,33.348,32.188,-1.159,35.04,35.862,0.822
nu_7,nu,7,Georgetown GT,Iowa EW,Neg,30.023,29.096,-0.928,31.351,32.232,0.882
nu_7,nu,7,Emory SY,CSU Long Beach EM,Aff,34.67,35.299,0.629,30.659,30.1,-0.559
nu_8,nu,8,Michigan BS,Emory SY,Neg,43.469,40.255,-3.214,35.299,37.068,1.769
nu_8,nu,8,Kansas UO,Michigan ES,Aff,39.864,41.464,1.599,44.383,42.55,-1.833
nu_8,nu,8,Michigan CS,Michigan State LM,Aff,35.862,36.889,1.027,36.783,35.566,-1.217
nu_8,nu,8,Wake Forest LP,Emory GY,Neg,35.771,35.348,-0.423,41.961,42.485,0.524
nu_8,nu,8,Harvard AB,Wake Forest BS,Neg,30.473,29.981,-0.492,35.495,36.2,0.705
nu_8,nu,8,Dartmouth CG,Macalester KS,Neg,35.458,34.338,-1.12,33.323,34.936,1.613
nu_8,nu,8,CSU Long Beach EM,Dartmouth CS,Aff,30.1,31.13,1.029,32.212,30.531,-1.68
nu_8,nu,8,UC Berkeley BM,Georgia CP,Aff,34.898,35.524,0.626,29.382,28.929,-0.453
nu_8,nu,8,Texas AG,Harvard HL,Neg,33.823,32.509,-1.314,32.577,34.265,1.688
nu_8,nu,8,Michigan AO,Liberty CL,Neg,31.853,30.804,-1.049,30.944,32.113,1.169
nu_8,nu,8,Kansas SS,Dartmouth JT,Aff,31.868,33.498,1.63,33.55,32.211,-1.339
nu_8,nu,8,Oklahoma BW,Northwestern LP,Neg,25.061,24.705,-0.356,33.549,33.937,0.388
nu_8,nu,8,Iowa EW,George Mason CD,Aff,32.232,33.142,0.909,32.188,30.954,-1.234
nu_8,nu,8,Kansas BF,Northwestern JP,Aff,33.834,34.844,1.009,33.999,32.505,-1.494
nu_8,nu,8,Michigan GV,UTD DH,Neg,34.099,32.48,-1.618,33.094,34.134,1.04
nu_8,nu,8,Georgetown BP,Northwestern LT,Neg,26.417,26.076,-0.341,35.467,35.743,0.276
nu_8,nu,8,Harvard DS,Kansas BB,Aff,32.202,32.571,0.369,25.383,24.988,-0.395
nu_8,nu,8,Michigan State JS,Southern California BM,Aff,32.036,32.616,0.58,28.341,27.751,-0.59
nu_8,nu,8,Iowa KP,Emory HT,Aff,29.53,30.393,0.863,27.994,26.827,-1.167
nu_8,nu,8,Western Kentucky IN,UC Berkeley AW,Aff,27.153,28.342,1.189,27.089,25.74,-1.349
nu_8,nu,8,George Mason WW,Michigan LS,Aff,29.685,30.185,0.5,24.454,23.777,-0.677
nu_8,nu,8,Northwestern CY,Wake Forest AM,Neg,27.767,26.486,-1.281,27.309,28.474,1.165
nu_8,nu,8,Kansas BT,Emory JR,Aff,27.41,28.854,1.444,26.795,25.607,-1.188
nu_8,nu,8,Kentucky RS,Western Kentucky KN,Aff,27.948,28.685,0.737,26.318,25.52,-0.798
nu_8,nu,8,Dartmouth BC,Kansas CC,Aff,25.985,27.018,1.033,25.879,24.901,-0.978
nu_8,nu,8,Georgia KL,Harvard GM,Neg,23.234,22.666,-0.568,28.605,29.312,0.707
nu_8,nu,8,Michigan State FM,Georgetown LN,Neg,30.236,28.561,-1.675,27.633,28.865,1.232
nu_8,nu,8,Michigan State KP,Emory AT,Neg,29.224,27.794,-1.43,29.655,30.584,0.929
nu_8,nu,8,UTD RH,Kansas AW,Neg,27.694,26.781,-0.913,27.977,28.832,0.855
nu_8,nu,8,Emory OP,Southern California MT,Neg,27.269,26.249,-1.02,27.445,28.338,0.893
nu_8,nu,8,Michigan State BS,Northwestern KM,Aff,26.478,28.414,1.936,29.741,27.987,-1.754
nu_8,nu,8,Southern California DP,Georgetown GT,Neg,26.339,25.434,-0.905,29.096,29.784,0.689
nu_8,nu,8,Wake Forest DM,Michigan AC,Neg,27.067,25.998,-1.068,29.03,30.072,1.042
nu_8,nu,8,Michigan BB,Dartmouth RU,Neg,19.088,18.811,-0.277,29.492,29.779,0.287
nu_8,nu,8,UC Berkeley GS,Kansas State DD,Aff,23.798,24.328,0.53,18.636,18.084,-0.553
nu_8,nu,8,North Texas BV,Gonzaga MP,Aff,22.963,23.993,1.03,23.086,21.71,-1.375
nu_8,nu,8,Houston FI,Emory ChSt,Aff,25.709,26.253,0.544,20.298,19.561,-0.737
nu_8,nu,8,Emory MW,Michigan BL,Aff,22.822,24.023,1.2,21.15,20.393,-0.757
nu_8,nu,8,Kansas BS,Emory CrSm,Aff,23.168,23.94,0.772,19.161,18.209,-0.952
nu_8,nu,8,Kansas PB,Georgetown CL,Neg,22.634,21.304,-1.33,20.654,22.347,1.693
nu_8,nu,8,Michigan AR,Georgetown VX,Aff,21.563,23.219,1.656,22.291,21.129,-1.162
nu_8,nu,8,Emory CS,Kansas FH,Aff,21.747,23.148,1.401,21.804,20.42,-1.384
nu_8,nu,8,Texas GS,Wake Forest HN,Neg,21.222,20.003,-1.219,23.394,24.125,0.73
nu_8,nu,8,Michigan FP,Missouri State DS,Aff,22.701,23.701,1.0,19.545,18.735,-0.81
nu_8,nu,8,Missouri State NC,Wyoming HW,Aff,23.928,25.105,1.177,22.919,22.084,-0.836
nu_8,nu,8,Indiana TF,Baylor BK,Neg,18.98,18.38,-0.6,23.481,24.071,0.59
nu_8,nu,8,Emory CF,Kentucky CS,Neg,22.733,22.008,-0.725,25.706,26.646,0.94
nu_8,nu,8,Wake Forest PT,Emory TY,Neg,21.9,21.082,-0.818,26.195,27.026,0.832
nu_8,nu,8,Wake Forest LW,Michigan AD,Aff,21.104,22.445,1.341,21.648,20.0,-1.649
nu_8,nu,8,Baylor PA,Kansas PL,Aff,20.979,23.029,2.049,25.068,23.571,-1.496
nu_8,nu,8,Missouri State BM,Emory SW,Neg,14.966,14.615,-0.352,24.891,25.171,0.28
nu_8,nu,8,Missouri State DH,Western Kentucky CS,Neg,14.645,14.37,-0.274,25.472,25.65,0.178
nu_8,nu,8,Wake Forest NS,Western Kentucky HM,Aff,16.959,17.9,0.941,14.389,13.333,-1.056
nu_8,nu,8,Southern California LP,Emory ST,Neg,18.024,16.305,-1.718,15.837,17.05,1.213
nu_8,nu,8,Iowa LS,Dartmouth DO,Neg,18.106,16.714,-1.392,17.642,19.406,1.764
nu_8,nu,8,Kansas State SF,West Georgia HL,Aff,17.18,18.071,0.892,13.791,12.716,-1.075
nu_8,nu,8,Trinity BK,Washburn LR,Aff,14.978,16.243,1.264,15.638,14.156,-1.482
nu_8,nu,8,Baylor MM,Missouri State CP,Neg,14.233,12.315,-1.918,12.169,14.208,2.039
nu_8,nu,8,Dartmouth BJ,Baylor LM,Aff,16.963,18.431,1.468,17.271,16.109,-1.162
nu_8,nu,8,Dartmouth HH,Michigan BP,Aff,17.59,18.977,1.387,17.848,16.463,-1.385
nu_8,nu,8,West Georgia GK,Dartmouth RS,Neg,17.492,16.482,-1.01,20.49,21.297,0.807
nu_8,nu,8,Trinity CO,Iowa BS,Neg,15.74,15.013,-0.728,20.737,21.238,0.501
nu_8,nu,8,Utah VP,Oklahoma PS,Neg,12.149,10.47,-1.679,8.341,10.175,1.834
nu_8,nu,8,Utah BH,Kansas LL,Aff,12.505,13.749,1.244,10.735,9.85,-0.885
nu_8,nu,8,Indiana DJ,Emory GW,Aff,11.936,12.853,0.917,9.33,8.151,-1.18
nu_8,nu,8,Gonzaga AG,Georgetown RM,Neg,10.75,9.729,-1.021,13.78,14.674,0.893
nu_dubs,nu,dubs,Kentucky RS,Emory GY,Neg,28.685,28.619,-0.067,42.485,42.578,0.092
nu_dubs,nu,dubs,Dartmouth JT,Michigan ES,Neg,32.211,32.003,-0.209,42.55,42.759,0.209
nu_dubs,nu,dubs,Harvard DS,Emory SY,Neg,32.571,32.066,-0.505,37.068,37.543,0.475
nu_dubs,nu,dubs,Wake Forest BS,Northwestern JP,Aff,36.2,36.956,0.756,32.505,31.697,-0.808
nu_dubs,nu,dubs,George Mason WW,Michigan CS,Neg,30.185,29.819,-0.366,36.889,37.221,0.332
nu_dubs,nu,dubs,Kansas SS,Michigan State JS,Aff,33.498,34.607,1.11,32.616,31.863,-0.752
nu_dubs,nu,dubs,Western Kentucky IN,Liberty CL,Aff,28.342,29.942,1.6,32.113,30.767,-1.346
nu_dubs,nu,dubs,Northwestern LT,Dartmouth RU,Aff,35.743,36.188,0.445,29.779,29.195,-0.584
nu_dubs,nu,dubs,Iowa KP,Wake Forest LP,Aff,30.393,31.953,1.56,35.348,33.87,-1.478
nu_dubs,nu,dubs,UTD DH,Dartmouth CG,Aff,34.134,35.056,0.922,34.338,33.47,-0.868
nu_dubs,nu,dubs,Kansas BF,UC Berkeley BM,Neg,34.844,33.987,-0.857,35.524,36.603,1.079
nu_dubs,nu,dubs,Iowa EW,Harvard HL,Aff,33.142,34.07,0.928,34.265,32.781,-1.485
nu_dubs,nu,dubs,Macalester KS,CSU Long Beach EM,Aff,34.936,35.641,0.706,31.13,30.65,-0.48
nu_dubs,nu,dubs,Northwestern LP,Michigan State LM,Neg,33.937,32.938,-0.999,35.566,36.359,0.793
nu_octas,nu,octas,Emory GY,Michigan State LM,Aff,42.578,43.044,0.466,36.359,35.98,-0.379
nu_octas,nu,octas,Michigan BS,Macalester KS,Aff,40.255,40.997,0.741,35.641,35.084,-0.558
nu_octas,nu,octas,Michigan ES,Iowa EW,Aff,42.759,43.032,0.273,34.07,33.862,-0.208
nu_octas,nu,octas,UC Berkeley BM,Kansas UO,Aff,36.603,38.248,1.644,41.464,39.976,-1.488
nu_octas,nu,octas,Emory SY,UTD DH,Aff,37.543,38.135,0.592,35.056,34.453,-0.603
nu_octas,nu,octas,Wake Forest BS,Iowa KP,Aff,36.956,37.532,0.576,31.953,31.514,-0.439
nu_octas,nu,octas,Michigan CS,Northwestern LT,Aff,37.221,37.938,0.717,36.188,35.349,-0.839
nu_octas,nu,octas,Western Kentucky IN,Kansas SS,Aff,29.942,31.431,1.489,34.607,32.935,-1.673
nu_quarters,nu,quarters,Emory GY,Western Kentucky IN,Aff,43.044,43.188,0.144,31.431,31.309,-0.121
nu_quarters,nu,quarters,Michigan ES,Wake Forest BS,Aff,43.032,43.491,0.459,37.532,37.045,-0.486
nu_quarters,nu,quarters,Emory SY,UC Berkeley BM,Neg,38.135,37.405,-0.73,38.248,39.161,0.913
nu_semis,nu,semis,UC Berkeley BM,Emory GY,Neg,39.161,38.673,-0.488,43.188,43.775,0.587
nu_finals,nu,finals,Emory GY,Michigan BS,Aff,43.775,44.404,0.629,40.997,40.135,-0.861
kentuckyrr_1,kentuckyrr,1,CSU Long Beach EM,Emory GY,Neg,30.65,30.595,-0.055,44.404,44.466,0.062
kentuckyrr_1,kentuckyrr,1,Kentucky CS,Dartmouth CG,Neg,26.646,26.173,-0.473,33.47,33.761,0.291
kentuckyrr_1,kentuckyrr,1,Michigan BS,Michigan State LM,Aff,40.135,40.774,0.639,35.98,35.489,-0.491
kentuckyrr_2,kentuckyrr,2,Kansas UO,Michigan BS,Aff,39.976,40.887,0.911,40.774,39.692,-1.083
kentuckyrr_2,kentuckyrr,2,Michigan State LM,Kentucky CS,Aff,35.489,35.675,0.186,26.173,25.903,-0.27
kentuckyrr_2,kentuckyrr,2,Dartmouth CG,CSU Long Beach EM,Aff,33.761,34.26,0.498,30.595,30.101,-0.494
kentuckyrr_3,kentuckyrr,3,Kentucky CS,Kansas UO,Neg,25.903,25.843,-0.061,40.887,40.929,0.043
kentuckyrr_3,kentuckyrr,3,Emory GY,Michigan BS,Aff,44.466,44.901,0.435,39.692,39.22,-0.472
kentuckyrr_3,kentuckyrr,3,Michigan State LM,Dartmouth CG,Neg,35.675,34.764,-0.911,34.26,35.075,0.816
kentuckyrr_4,kentuckyrr,4,CSU Long Beach EM,Kansas UO,Aff,30.101,31.838,1.737,40.929,38.987,-1.943
kentuckyrr_4,kentuckyrr,4,Emory GY,Kentucky CS,Aff,44.901,44.912,0.011,25.843,25.828,-0.015
kentuckyrr_4,kentuckyrr,4,Michigan BS,Dartmouth CG,Aff,39.22,39.706,0.486,35.075,34.709,-0.367
kentuckyrr_5,kentuckyrr,5,Dartmouth CG,Emory GY,Neg,34.709,34.602,-0.107,44.912,45.05,0.139
kentuckyrr_5,kentuckyrr,5,Kansas UO,Michigan State LM,Aff,38.987,39.374,0.388,34.764,34.363,-0.401
kentuckyrr_5,kentuckyrr,5,Kentucky CS,CSU Long Beach EM,Neg,25.828,25.368,-0.46,31.838,32.1,0.261
kentuckyrr_6,kentuckyrr,6,Emory GY,Michigan State LM,Aff,45.05,45.17,0.12,34.363,34.258,-0.105
kentuckyrr_6,kentuckyrr,6,Dartmouth CG,Kansas UO,Neg,34.602,34.294,-0.308,39.374,39.71,0.335
kentuckyrr_6,kentuckyrr,6,CSU Long Beach EM,Michigan BS,Neg,32.1,31.915,-0.185,39.706,39.951,0.245
kentuckyrr_7,kentuckyrr,7,Kansas UO,Emory GY,Neg,39.71,39.428,-0.282,45.17,45.513,0.342
kentuckyrr_7,kentuckyrr,7,Michigan BS,Kentucky CS,Aff,39.951,39.995,0.044,25.368,25.309,-0.059
kentuckyrr_7,kentuckyrr,7,Michigan State LM,CSU Long Beach EM,Neg,34.258,33.403,-0.855,31.915,32.671,0.756
uk_1,uk,1,Wake Forest LP,Southern California MT,Aff,33.87,34.257,0.387,28.338,27.943,-0.395
uk_1,uk,1,Kansas HJ,Oklahoma SW,Aff,25.0,29.049,4.049,23.758,20.53,-3.228
uk_1,uk,1,Western Kentucky CS,Kansas BT,Neg,25.65,25.036,-0.614,28.854,29.8,0.946
uk_1,uk,1,Emory JS,Michigan AC,Aff,25.0,32.253,7.253,30.072,28.919,-1.153
uk_1,uk,1,Northwestern CC,West Georgia KM,Aff,25.0,27.03,2.03,14.939,14.172,-0.767
uk_1,uk,1,Dartmouth BP,Texas AL (Low/Ali),Neg,21.071,20.04,-1.03,27.665,29.875,2.209
uk_1,uk,1,Northwestern KM,Dartmouth BC,Neg,27.987,26.683,-1.304,27.018,28.039,1.02
uk_1,uk,1,Kansas AV,Navy LS,Aff,22.075,24.267,2.192,14.82,13.803,-1.016
uk_1,uk,1,Kansas BS,Northwestern LP,Aff,23.94,26.408,2.469,32.938,30.702,-2.236
uk_1,uk,1,Missouri State CR,Emory GW,Neg,16.317,8.704,-7.613,8.151,9.926,1.775
uk_1,uk,1,Western Kentucky KN,Harvard HL,Aff,25.52,27.159,1.639,32.781,30.603,-2.178
uk_1,uk,1,Georgetown MX,Kansas BF,Neg,26.163,23.927,-2.237,33.987,34.275,0.288
uk_1,uk,1,Houston FI,Northwestern LW,Neg,26.253,25.564,-0.689,29.096,30.537,1.441
uk_1,uk,1,Baylor MM,UC Berkeley GS,Neg,12.315,12.096,-0.219,24.328,24.467,0.138
uk_1,uk,1,Gonzaga AG,Northwestern AY,Neg,9.729,9.447,-0.282,21.394,22.599,1.205
uk_1,uk,1,Kansas BL,Liberty CL,Neg,19.923,19.412,-0.511,30.767,30.934,0.166
uk_1,uk,1,Emory OP,Northwestern OY,Aff,26.249,26.623,0.375,19.961,17.544,-2.417
uk_1,uk,1,Gonzaga MP,Northwestern HP,Aff,21.71,22.305,0.595,16.505,15.347,-1.158
uk_1,uk,1,Michigan BS,Harvard MV,Aff,39.995,40.09,0.095,25.0,23.968,-1.032
uk_1,uk,1,Missouri State NN,George Mason WW,Neg,25.0,21.507,-3.493,29.819,30.215,0.396
uk_1,uk,1,Dartmouth HH,Northwestern JP,Aff,18.977,22.157,3.18,31.697,28.734,-2.963
uk_1,uk,1,Michigan State KP,CSU Long Beach EM,Neg,27.794,27.08,-0.713,32.671,32.938,0.267
uk_1,uk,1,Kansas BB,Wichita State GM,Aff,24.988,26.136,1.148,29.168,25.297,-3.871
uk_1,uk,1,Indiana TF,Kentucky RS,Neg,18.38,18.188,-0.192,28.619,28.773,0.155
uk_1,uk,1,Michigan State LM,Kansas AW,Aff,33.403,33.72,0.317,28.832,28.386,-0.445
uk_1,uk,1,Baylor PL,Central Oklahoma WH,Aff,19.275,21.761,2.486,21.454,16.665,-4.789
uk_1,uk,1,Georgetown BP,Michigan AO,Aff,26.076,27.96,1.884,30.804,29.478,-1.326
uk_1,uk,1,Kansas FH,Kentucky EM,Neg,20.42,19.702,-0.718,23.269,26.88,3.61
uk_1,uk,1,Wake Forest LW,Kansas SS,Neg,22.445,22.212,-0.234,32.935,33.115,0.18
uk_1,uk,1,Michigan BB,Harvard JO,Aff,18.811,20.544,1.732,28.946,20.493,-8.453
uk_1,uk,1,Kentucky CS,Houston MR,Aff,25.309,25.741,0.432,20.28,17.399,-2.88
uk_1,uk,1,Kansas UO,Northwestern LT,Aff,39.428,39.763,0.335,35.349,34.84,-0.509
uk_1,uk,1,Michigan State FM,Iowa KP,Neg,28.561,27.769,-0.792,31.514,32.064,0.55
uk_1,uk,1,Dartmouth RS,Baylor KM,Aff,21.297,22.16,0.863,22.347,17.667,-4.68
uk_1,uk,1,Wake Forest MP,UTD DH,Neg,25.0,22.843,-2.157,34.453,34.659,0.206
uk_1,uk,1,Southern California BM,Dartmouth CF,Aff,27.751,28.219,0.469,25.0,20.798,-4.202
uk_1,uk,1,Michigan AD,Iowa EW,Neg,20.0,19.875,-0.124,33.862,33.926,0.063
uk_1,uk,1,Dartmouth CG,Emory SY,Aff,34.294,35.09,0.796,37.405,36.42,-0.986
uk_1,uk,1,Missouri State DS,Minnesota UW,Aff,18.735,19.924,1.19,23.919,17.757,-6.162
uk_1,uk,1,Harvard GG,Wake Forest BS,Neg,25.0,23.427,-1.573,37.045,37.237,0.191
uk_1,uk,1,Oklahoma BW,Harvard/Boston University FJ,Aff,24.705,25.489,0.784,25.0,19.706,-5.294
uk_1,uk,1,Michigan FP,UMass Amherst LM,Neg,23.701,22.887,-0.814,25.0,29.655,4.655
uk_1,uk,1,Michigan GV,Western Kentucky IN,Aff,32.48,33.592,1.112,31.309,30.6,-0.709
uk_1,uk,1,Emory HT,Michigan CS,Neg,26.827,26.621,-0.207,37.938,38.058,0.12
uk_1,uk,1,Wake Forest NS,Wyoming HW,Aff,17.9,19.671,1.771,22.084,20.79,-1.293
uk_1,uk,1,Georgetown CL,George Mason BN,Aff,22.347,23.355,1.008,25.0,18.785,-6.215
uk_1,uk,1,Iowa BS,UC Berkeley BM,Neg,21.238,21.216,-0.022,38.673,38.691,0.018
uk_1,uk,1,Texas GB,Baylor BK,Neg,23.647,19.472,-4.175,24.071,24.758,0.686
uk_1,uk,1,Kansas PL,George Mason/Samford PA,Aff,23.571,24.283,0.711,25.0,19.207,-5.793
uk_1,uk,1,Liberty SS,Texas BS,Aff,22.28,24.227,1.947,25.0,19.101,-5.899
uk_1,uk,1,Wake Forest AM,Georgetown LN,Neg,28.474,27.495,-0.979,28.865,29.704,0.839
uk_1,uk,1,Wake Forest TN,Oklahoma BP,Neg,19.186,16.519,-2.667,25.0,27.868,2.868
uk_1,uk,1,Emory MW,George Mason BG,Aff,24.023,25.165,1.142,26.799,21.404,-5.396
uk_1,uk,1,Western Kentucky HM,George Mason CD,Neg,13.333,13.291,-0.041,30.954,30.989,0.034
uk_1,uk,1,Southern California LP,West Georgia HL,Aff,16.305,17.059,0.754,12.716,11.788,-0.927
uk_1,uk,1,Indiana DJ,Liberty ET,Neg,12.853,12.548,-0.305,23.031,24.754,1.723
uk_1,uk,1,Harvard AB,Emory AT,Aff,29.981,30.938,0.957,30.584,29.584,-1.0
uk_1,uk,1,Iowa/Western Kentucky LD,George Mason RT,Neg,25.0,20.469,-4.531,24.563,28.077,3.514
uk_1,uk,1,Wichita State ZM,Michigan CX,Neg,25.0,20.795,-4.205,25.0,29.205,4.205
uk_1,uk,1,Michigan State BS,Texas GS,Aff,28.414,28.803,0.389,20.003,19.582,-0.421
uk_1,uk,1,Michigan ES,Liberty KR,Aff,43.491,43.532,0.041,23.195,22.902,-0.293
uk_1,uk,1,Wake Forest HN,Georgia CP,Neg,24.125,23.64,-0.485,28.929,29.404,0.475
uk_1,uk,1,Northwestern CY,Georgetown GT,Aff,26.486,28.012,1.526,29.784,28.552,-1.232
uk_2,uk,2,Texas BS,Michigan GV,Neg,19.101,18.503,-0.598,33.592,33.732,0.14
uk_2,uk,2,George Mason/Samford PA,Iowa BS,Neg,19.207,16.235,-2.972,21.216,21.803,0.587
uk_2,uk,2,George Mason BN,Harvard GG,Neg,18.785,16.794,-1.991,23.427,26.129,2.702
uk_2,uk,2,UC Berkeley BM,Kansas PL,Aff,38.691,38.739,0.048,24.283,24.225,-0.058
uk_2,uk,2,Wyoming HW,Emory HT,Neg,20.79,20.435,-0.356,26.621,27.168,0.547
uk_2,uk,2,Michigan CS,Georgetown CL,Aff,38.058,38.102,0.045,23.355,23.282,-0.074
uk_2,uk,2,UMass Amherst LM,Dartmouth CG,Neg,29.655,27.422,-2.233,35.09,35.316,0.226
uk_2,uk,2,Western Kentucky IN,Liberty SS,Aff,30.6,30.916,0.316,24.227,23.299,-0.928
uk_2,uk,2,Harvard/Boston University FJ,Michigan AD,Neg,19.706,16.187,-3.519,19.875,20.923,1.047
uk_2,uk,2,Wake Forest BS,Michigan FP,Neg,37.237,34.635,-2.602,22.887,26.478,3.591
uk_2,uk,2,Minnesota UW,Michigan State FM,Neg,17.757,16.903,-0.854,27.769,28.017,0.248
uk_2,uk,2,Emory SY,Wake Forest NS,Aff,36.42,36.438,0.018,19.671,19.64,-0.031
uk_2,uk,2,Iowa EW,Oklahoma BW,Aff,33.926,34.132,0.207,25.489,25.183,-0.306
uk_2,uk,2,Dartmouth CF,Indiana TF,Neg,20.798,16.117,-4.681,18.188,19.081,0.893
uk_2,uk,2,UTD DH,Emory RC,Aff,34.659,34.738,0.079,21.121,20.854,-0.267
uk_2,uk,2,Iowa KP,Southern California BM,Aff,32.064,32.522,0.458,28.219,27.704,-0.515
uk_2,uk,2,Houston MR,Kansas UO,Neg,17.399,17.321,-0.078,39.763,39.772,0.009
uk_2,uk,2,Northwestern LT,Missouri State DS,Aff,34.84,34.885,0.045,19.924,19.864,-0.06
uk_2,uk,2,Harvard JO,Georgetown BP,Neg,20.493,19.256,-1.237,27.96,28.327,0.367
uk_2,uk,2,Kansas SS,Kentucky CS,Aff,33.115,33.429,0.314,25.741,25.426,-0.315
uk_2,uk,2,Michigan AO,Kansas FH,Aff,29.478,29.646,0.168,19.702,19.435,-0.267
uk_2,uk,2,Kentucky EM,Wake Forest LW,Aff,26.88,29.075,2.195,22.212,21.639,-0.572
uk_2,uk,2,Central Oklahoma WH,Michigan State LM,Neg,16.665,16.385,-0.28,33.72,33.755,0.035
uk_2,uk,2,Kansas AW,Michigan BB,Aff,28.386,28.622,0.236,20.544,20.173,-0.37
uk_2,uk,2,Wichita State GM,Dartmouth HH,Aff,25.297,26.744,1.447,22.157,21.492,-0.665
uk_2,uk,2,Kentucky RS,Kansas BB,Aff,28.773,29.34,0.567,26.136,25.493,-0.643
uk_2,uk,2,CSU Long Beach EM,Missouri State NN,Aff,32.938,33.037,0.099,21.507,20.45,-1.057
uk_2,uk,2,Northwestern JP,Michigan BS,Neg,28.734,28.588,-0.146,40.09,40.193,0.103
uk_2,uk,2,George Mason WW,Michigan State KP,Aff,30.215,30.783,0.568,27.08,26.27,-0.81
uk_2,uk,2,Harvard MV,Kansas BL,Aff,23.968,26.973,3.006,19.412,18.338,-1.073
uk_2,uk,2,Northwestern HP,Emory GY,Neg,15.347,15.347,-0.0,45.513,45.513,0.0
uk_2,uk,2,Michigan State JS,Baylor PL,Aff,31.863,32.04,0.177,21.761,21.136,-0.625
uk_2,uk,2,Liberty CL,Emory OP,Aff,30.934,31.403,0.47,26.623,26.107,-0.516
uk_2,uk,2,Northwestern OY,Georgetown MX,Neg,17.544,15.845,-1.699,23.927,25.828,1.901
uk_2,uk,2,Northwestern AY,Emory JS,Neg,22.599,21.272,-1.327,32.253,33.441,1.187
uk_2,uk,2,Kansas BF,Houston FI,Neg,34.275,32.493,-1.781,25.564,27.63,2.066
uk_2,uk,2,Northwestern LW,Baylor MM,Aff,30.537,30.595,0.058,12.096,12.049,-0.047
uk_2,uk,2,Emory GW,Kansas BS,Neg,9.926,9.868,-0.057,26.408,26.452,0.043
uk_2,uk,2,Harvard HL,Gonzaga MP,Aff,30.603,30.891,0.289,22.305,21.971,-0.335
uk_2,uk,2,Northwestern LP,Missouri State CR,Aff,30.702,30.718,0.016,8.704,8.64,-0.064
uk_2,uk,2,Navy LS,Western Kentucky KN,Neg,13.803,13.499,-0.304,27.159,27.25,0.091
uk_2,uk,2,Dartmouth BC,Kansas AV,Aff,28.039,28.497,0.459,24.267,21.658,-2.608
uk_2,uk,2,Michigan AC,Kansas HJ,Aff,28.919,29.765,0.847,29.049,24.859,-4.19
uk_2,uk,2,West Georgia KM,Wake Forest LP,Neg,14.172,14.117,-0.055,34.257,34.273,0.016
uk_2,uk,2,Oklahoma SW,Northwestern KM,Neg,20.53,18.52,-2.009,26.683,27.117,0.434
uk_2,uk,2,Kansas BT,Southern California LP,Neg,29.8,26.594,-3.205,17.059,19.868,2.809
uk_2,uk,2,West Georgia HL,Western Kentucky CS,Neg,11.788,11.654,-0.134,25.036,25.123,0.087
uk_2,uk,2,Southern California MT,Northwestern CC,Aff,27.943,28.468,0.526,27.03,22.922,-4.108
uk_2,uk,2,George Mason CD,Emory MW,Aff,30.989,31.486,0.497,25.165,24.619,-0.546
uk_2,uk,2,George Mason BG,Western Kentucky HM,Neg,21.404,15.845,-5.558,13.291,15.19,1.898
uk_2,uk,2,Oklahoma BP,Northwestern CY,Neg,27.868,23.531,-4.337,28.012,28.702,0.69
uk_2,uk,2,Georgetown GT,Wake Forest TN,Aff,28.552,28.705,0.153,16.519,15.422,-1.097
uk_2,uk,2,Georgia CP,Gonzaga AG,Aff,29.404,29.414,0.01,9.447,9.431,-0.016
uk_2,uk,2,Liberty KR,Dartmouth BP,Neg,22.902,17.917,-4.985,20.04,22.075,2.035
uk_2,uk,2,George Mason RT,Harvard AB,Neg,28.077,25.277,-2.8,30.938,31.418,0.48
uk_2,uk,2,Emory AT,Indiana DJ,Aff,29.584,29.61,0.026,12.548,12.512,-0.036
uk_2,uk,2,Georgetown LN,Iowa/Western Kentucky LD,Aff,29.704,29.929,0.225,20.469,18.904,-1.565
uk_2,uk,2,Liberty ET,Wake Forest AM,Neg,24.754,21.624,-3.13,27.495,28.033,0.538
uk_2,uk,2,Baylor KM,Texas GB,Neg,17.667,15.351,-2.315,19.472,21.83,2.358
uk_2,uk,2,Baylor BK,Dartmouth RS,Neg,24.758,23.567,-1.191,22.16,23.486,1.326
uk_2,uk,2,Michigan CX,Wake Forest HN,Neg,29.205,22.823,-6.383,23.64,24.571,0.931
uk_2,uk,2,UC Berkeley GS,Michigan ES,Neg,24.467,24.453,-0.014,43.532,43.545,0.013
uk_2,uk,2,Texas GS,Wichita State ZM,Aff,19.582,20.627,1.045,20.795,16.213,-4.581
uk_2,uk,2,Texas AL (Low/Ali),Michigan State BS,Aff,29.875,33.036,3.162,28.803,27.945,-0.858
uk_3,uk,3,Houston MR,Central Oklahoma WH,Aff,17.321,20.1,2.779,16.385,13.823,-2.563
uk_3,uk,3,Emory JS,Iowa EW,Aff,33.441,36.761,3.32,34.132,33.515,-0.618
uk_3,uk,3,Missouri State CR,Kansas BL,Neg,8.64,7.689,-0.951,18.338,18.891,0.553
uk_3,uk,3,Michigan BB,Gonzaga MP,Aff,20.173,21.443,1.27,21.971,20.724,-1.246
uk_3,uk,3,George Mason RT,Dartmouth BP,Neg,25.277,21.866,-3.41,22.075,24.197,2.122
uk_3,uk,3,Iowa BS,Missouri State DS,Neg,21.803,20.762,-1.04,19.864,21.114,1.25
uk_3,uk,3,Kansas BB,Georgetown MX,Aff,25.493,26.161,0.668,25.828,22.452,-3.375
uk_3,uk,3,Wichita State GM,Northwestern AY,Aff,26.744,27.589,0.845,21.272,19.427,-1.844
uk_3,uk,3,George Mason WW,Liberty CL,Neg,30.783,30.036,-0.747,31.403,32.127,0.724
uk_3,uk,3,Wake Forest AM,Liberty SS,Aff,28.033,28.49,0.457,23.299,22.284,-1.015
uk_3,uk,3,Georgetown LN,Michigan CS,Neg,29.929,29.702,-0.227,38.102,38.309,0.206
uk_3,uk,3,Dartmouth CF,Wake Forest LW,Neg,16.117,14.639,-1.478,21.639,22.139,0.5
uk_3,uk,3,Michigan State KP,Oklahoma SW,Aff,26.27,26.636,0.366,18.52,17.253,-1.267
uk_3,uk,3,Emory GW,Houston FI,Neg,9.868,9.833,-0.035,27.63,27.652,0.022
uk_3,uk,3,Northwestern LP,Michigan AO,Neg,30.718,29.655,-1.063,29.646,30.496,0.85
uk_3,uk,3,Minnesota UW,George Mason BG,Aff,16.903,19.055,2.152,15.845,14.035,-1.811
uk_3,uk,3,Emory MW,Baylor PL,Aff,24.619,25.285,0.666,21.136,19.668,-1.468
uk_3,uk,3,Iowa/Western Kentucky LD,West Georgia HL,Aff,18.904,20.503,1.6,11.654,11.187,-0.468
uk_3,uk,3,Navy LS,Liberty KR,Neg,13.499,12.304,-1.194,17.917,19.874,1.957
uk_3,uk,3,Western Kentucky IN,Harvard GG,Neg,30.916,30.092,-0.823,26.129,31.525,5.395
uk_3,uk,3,Michigan State FM,Kansas AV,Aff,28.017,28.421,0.404,21.658,20.217,-1.442
uk_3,uk,3,Western Kentucky HM,Emory HT,Neg,15.19,15.028,-0.162,27.168,27.321,0.153
uk_3,uk,3,Michigan BS,Dartmouth RS,Aff,40.193,40.213,0.02,23.486,23.459,-0.027
uk_3,uk,3,Michigan GV,Dartmouth CG,Neg,33.732,32.798,-0.934,35.316,35.727,0.41
uk_3,uk,3,Dartmouth BC,Michigan ES,Neg,28.497,28.454,-0.043,43.545,43.592,0.047
uk_3,uk,3,Northwestern JP,Wake Forest TN,Aff,28.588,28.735,0.147,15.422,14.687,-0.735
uk_3,uk,3,Dartmouth HH,Emory OP,Neg,21.492,20.96,-0.532,26.107,26.561,0.454
uk_3,uk,3,Kansas BT,Michigan FP,Neg,26.594,25.558,-1.037,26.478,27.505,1.027
uk_3,uk,3,Kansas SS,UC Berkeley BM,Aff,33.429,34.891,1.463,38.739,37.469,-1.27
uk_3,uk,3,Indiana TF,Southern California MT,Neg,19.081,18.878,-0.203,28.468,28.639,0.17
uk_3,uk,3,Kansas BF,Emory AT,Aff,32.493,33.014,0.521,29.61,29.019,-0.591
uk_3,uk,3,Kansas HJ,Georgetown GT,Aff,24.859,29.117,4.258,28.705,27.814,-0.891
uk_3,uk,3,Northwestern OY,Gonzaga AG,Aff,15.845,17.347,1.502,9.431,8.9,-0.531
uk_3,uk,3,Wake Forest HN,UC Berkeley GS,Neg,24.571,23.76,-0.811,24.453,25.414,0.961
uk_3,uk,3,Northwestern CC,Kansas AW,Neg,22.922,21.161,-1.762,28.622,28.938,0.316
uk_3,uk,3,Harvard JO,George Mason/Samford PA,Aff,19.256,20.92,1.664,16.235,14.364,-1.871
uk_3,uk,3,Northwestern LT,Michigan AD,Aff,34.885,34.947,0.062,20.923,20.819,-0.103
uk_3,uk,3,Liberty ET,Wake Forest BS,Neg,21.624,21.088,-0.536,34.635,34.749,0.114
uk_3,uk,3,Oklahoma BP,Emory SY,Neg,23.531,22.956,-0.575,36.438,36.526,0.088
uk_3,uk,3,Emory RC,Texas GS,Aff,20.854,22.816,1.963,20.627,19.583,-1.044
uk_3,uk,3,Northwestern LW,Michigan State LM,Neg,30.595,29.414,-1.181,33.755,34.11,0.354
uk_3,uk,3,UTD DH,Michigan CX,Aff,34.738,34.859,0.121,22.823,22.241,-0.582
uk_3,uk,3,Kansas BS,Michigan State JS,Aff,26.452,28.168,1.717,32.04,30.75,-1.29
uk_3,uk,3,Western Kentucky CS,Harvard MV,Neg,25.123,24.568,-0.555,26.973,30.093,3.119
uk_3,uk,3,Wyoming HW,Baylor KM,Aff,20.435,20.798,0.363,15.351,13.848,-1.503
uk_3,uk,3,Baylor BK,Wake Forest NS,Aff,23.567,24.065,0.498,19.64,19.022,-0.618
uk_3,uk,3,Baylor MM,West Georgia KM,Aff,12.049,13.522,1.473,14.117,11.425,-2.692
uk_3,uk,3,Minnesota MN,Harvard/Boston University FJ,Aff,18.872,22.862,3.99,16.187,14.507,-1.68
uk_3,uk,3,Indiana DJ,Northwestern HP,Aff,12.512,13.849,1.338,15.347,12.969,-2.377
uk_3,uk,3,George Mason BN,Missouri State NN,Neg,16.794,14.873,-1.921,20.45,22.666,2.216
uk_3,uk,3,Texas AL (Low/Ali),Western Kentucky KN,Aff,33.036,34.469,1.432,27.25,26.913,-0.337
uk_3,uk,3,Kansas UO,CSU Long Beach EM,Aff,39.772,39.973,0.201,33.037,32.854,-0.183
uk_3,uk,3,Georgetown BP,Kentucky RS,Neg,28.327,27.44,-0.888,29.34,29.983,0.643
uk_3,uk,3,Iowa KP,Kentucky EM,Aff,32.522,32.929,0.407,29.075,27.068,-2.007
uk_3,uk,3,Texas GB,Michigan AC,Neg,21.83,20.802,-1.027,29.765,30.118,0.353
uk_3,uk,3,Georgia CP,Northwestern CY,Neg,29.414,28.515,-0.899,28.702,29.696,0.994
uk_3,uk,3,Wake Forest MP,Wichita State ZM,Aff,22.843,25.01,2.167,16.213,14.809,-1.404
uk_3,uk,3,Harvard AB,Southern California LP,Aff,31.418,31.526,0.108,19.868,19.736,-0.132
uk_3,uk,3,UMass Amherst LM,Northwestern KM,Neg,27.422,24.347,-3.075,27.117,27.956,0.839
uk_3,uk,3,Harvard HL,Oklahoma BW,Aff,30.891,31.319,0.428,25.183,24.713,-0.47
uk_3,uk,3,Michigan State BS,Kentucky CS,Neg,27.945,26.505,-1.44,25.426,26.52,1.094
uk_3,uk,3,Kansas PL,Southern California BM,Aff,24.225,25.512,1.287,27.704,26.593,-1.111
uk_3,uk,3,Texas BS,Kansas FH,Neg,18.503,15.391,-3.111,19.435,20.265,0.83
uk_3,uk,3,George Mason CD,Wake Forest LP,Aff,31.486,32.846,1.361,34.273,33.256,-1.017
uk_4,uk,4,Michigan AC,Kansas PL,Aff,30.118,30.675,0.557,25.512,25.08,-0.432
uk_4,uk,4,UC Berkeley GS,Michigan GV,Neg,25.414,25.124,-0.29,32.798,33.135,0.337
uk_4,uk,4,George Mason/Samford PA,Northwestern LP,Neg,14.364,14.158,-0.206,29.655,29.719,0.064
uk_4,uk,4,Emory HT,Northwestern LW,Aff,27.321,28.552,1.232,29.414,27.663,-1.751
uk_4,uk,4,Oklahoma SW,Navy LS,Aff,17.253,18.735,1.482,12.304,11.286,-1.018
uk_4,uk,4,Kansas AV,Northwestern CC,Neg,20.217,18.213,-2.004,21.161,23.332,2.172
uk_4,uk,4,Wichita State ZM,Kansas BT,Neg,14.809,14.123,-0.685,25.558,25.753,0.196
uk_4,uk,4,Dartmouth BP,Baylor BK,Aff,24.197,25.84,1.643,24.065,23.355,-0.709
uk_4,uk,4,Northwestern CY,Kansas SS,Neg,29.696,29.286,-0.41,34.891,35.271,0.379
uk_4,uk,4,Emory OP,George Mason WW,Aff,26.561,27.7,1.139,30.036,28.981,-1.054
uk_4,uk,4,Michigan CX,Liberty ET,Aff,22.241,24.298,2.057,21.088,18.822,-2.266
uk_4,uk,4,Kansas BL,Minnesota UW,Neg,18.891,17.3,-1.591,19.055,21.06,2.005
uk_4,uk,4,Northwestern KM,Michigan BS,Neg,27.956,27.85,-0.106,40.213,40.291,0.078
uk_4,uk,4,Michigan CS,Harvard AB,Aff,38.309,38.567,0.258,31.526,31.241,-0.285
uk_4,uk,4,UC Berkeley BM,Emory MW,Aff,37.469,37.549,0.079,25.285,25.163,-0.122
uk_4,uk,4,Southern California MT,Kansas UO,Neg,28.639,28.541,-0.098,39.973,40.042,0.069
uk_4,uk,4,Kansas FH,Oklahoma BP,Aff,20.265,21.37,1.105,22.956,19.328,-3.628
uk_4,uk,4,Emory SY,Georgetown LN,Aff,36.526,36.749,0.224,29.702,29.422,-0.28
uk_4,uk,4,Liberty CL,Texas AL (Low/Ali),Aff,32.127,32.897,0.769,34.469,31.574,-2.895
uk_4,uk,4,Harvard/Boston University FJ,Western Kentucky IN,Neg,14.507,14.296,-0.211,30.092,30.142,0.05
uk_4,uk,4,Gonzaga MP,Houston MR,Neg,20.724,19.899,-0.825,20.1,23.118,3.018
uk_4,uk,4,Iowa EW,Dartmouth BC,Aff,33.515,33.857,0.342,28.454,28.042,-0.412
uk_4,uk,4,Kentucky RS,UTD DH,Neg,29.983,29.632,-0.351,34.859,35.228,0.369
uk_4,uk,4,Texas GS,George Mason RT,Aff,19.583,20.755,1.172,21.866,19.16,-2.706
uk_4,uk,4,Michigan AD,Baylor MM,Aff,20.819,21.264,0.445,13.522,13.07,-0.452
uk_4,uk,4,Gonzaga AG,Texas GB,Neg,8.9,8.695,-0.205,20.802,21.246,0.443
uk_4,uk,4,Harvard MV,Kansas HJ,Aff,30.093,32.442,2.349,29.117,27.331,-1.786
uk_4,uk,4,Michigan State LM,George Mason CD,Aff,34.11,34.567,0.458,32.846,32.055,-0.791
uk_4,uk,4,Wake Forest NS,Dartmouth HH,Aff,19.022,20.162,1.139,20.96,19.865,-1.095
uk_4,uk,4,Kentucky CS,Kansas BB,Neg,26.52,25.696,-0.824,26.161,26.97,0.809
uk_4,uk,4,Northwestern HP,Dartmouth CF,Aff,12.969,14.544,1.575,14.639,12.082,-2.557
uk_4,uk,4,Northwestern AY,Harvard JO,Neg,19.427,17.207,-2.22,20.92,22.561,1.641
uk_4,uk,4,Wake Forest LP,Wichita State GM,Aff,33.256,33.574,0.318,27.589,26.795,-0.794
uk_4,uk,4,Liberty KR,Iowa/Western Kentucky LD,Neg,19.874,17.674,-2.2,20.503,22.964,2.461
uk_4,uk,4,Kentucky EM,Georgetown CL,Neg,27.068,23.924,-3.144,23.282,24.664,1.382
uk_4,uk,4,West Georgia HL,Michigan State BS,Neg,11.187,11.118,-0.069,26.505,26.561,0.056
uk_4,uk,4,Wake Forest BS,Georgia CP,Aff,34.749,35.079,0.33,28.515,28.201,-0.315
uk_4,uk,4,Liberty SS,Emory GW,Aff,22.284,22.511,0.227,9.833,9.655,-0.179
uk_4,uk,4,Georgetown MX,Iowa BS,Neg,22.452,19.55,-2.902,20.762,21.546,0.783
uk_4,uk,4,Michigan FP,Northwestern LT,Neg,27.505,27.191,-0.313,34.947,35.205,0.258
uk_4,uk,4,Emory AT,Indiana TF,Aff,29.019,29.167,0.148,18.878,18.714,-0.164
uk_4,uk,4,Dartmouth CG,Emory JS,Aff,35.727,36.188,0.461,36.761,34.104,-2.657
uk_4,uk,4,Missouri State DS,Wake Forest MP,Neg,21.114,20.632,-0.482,25.01,27.472,2.462
uk_4,uk,4,Baylor PL,Wake Forest HN,Aff,19.668,22.398,2.73,23.76,22.781,-0.979
uk_4,uk,4,Harvard GG,Iowa KP,Neg,31.525,29.269,-2.256,32.929,33.426,0.497
uk_4,uk,4,Wake Forest LW,Indiana DJ,Aff,22.139,22.441,0.301,13.849,13.551,-0.298
uk_4,uk,4,Missouri State NN,Wyoming HW,Neg,22.666,19.199,-3.467,20.798,21.502,0.704
uk_4,uk,4,Southern California LP,Georgetown BP,Aff,19.736,21.557,1.821,27.44,25.674,-1.765
uk_4,uk,4,Michigan State JS,Harvard HL,Aff,30.75,31.49,0.74,31.319,30.374,-0.945
uk_4,uk,4,Baylor KM,Texas BS,Neg,13.848,12.172,-1.677,15.391,17.488,2.097
uk_4,uk,4,Kansas AW,Minnesota MN,Aff,28.938,29.221,0.283,22.862,20.587,-2.275
uk_4,uk,4,Southern California BM,Northwestern OY,Aff,26.593,26.777,0.184,17.347,16.546,-0.8
uk_4,uk,4,Houston FI,Emory RC,Neg,27.652,26.457,-1.195,22.816,25.481,2.665
uk_4,uk,4,Georgetown GT,Western Kentucky HM,Aff,27.814,27.891,0.077,15.028,14.909,-0.119
uk_4,uk,4,Wake Forest TN,Michigan State KP,Neg,14.687,13.921,-0.765,26.636,26.823,0.186
uk_4,uk,4,Dartmouth RS,Wake Forest AM,Aff,23.459,24.929,1.47,28.49,27.147,-1.343
uk_4,uk,4,Michigan ES,Kansas BS,Aff,43.592,43.634,0.042,28.168,28.127,-0.042
uk_4,uk,4,Western Kentucky KN,Michigan BB,Aff,26.913,27.261,0.348,21.443,20.986,-0.457
uk_4,uk,4,Oklahoma BW,Western Kentucky CS,Neg,24.713,23.748,-0.965,24.568,25.389,0.822
uk_4,uk,4,West Georgia KM,Northwestern JP,Neg,11.425,11.342,-0.082,28.735,28.773,0.038
uk_4,uk,4,George Mason BG,UMass Amherst LM,Aff,14.035,17.658,3.624,24.347,19.869,-4.479
uk_4,uk,4,CSU Long Beach EM,Kansas BF,Aff,32.854,33.359,0.505,33.014,32.276,-0.738
uk_5,uk,5,Baylor MM,Kansas BL,Aff,13.07,14.662,1.592,17.3,15.05,-2.25
uk_5,uk,5,Minnesota MN,George Mason BG,Neg,20.587,16.641,-3.946,17.658,19.32,1.662
uk_5,uk,5,Michigan ES,Dartmouth CG,Aff,43.634,43.922,0.288,36.188,36.04,-0.148
uk_5,uk,5,Harvard AB,Georgetown CL,Aff,31.241,31.523,0.282,24.664,24.256,-0.408
uk_5,uk,5,Iowa/Western Kentucky LD,UC Berkeley GS,Neg,22.964,21.012,-1.953,25.124,25.681,0.557
uk_5,uk,5,Michigan AC,Wake Forest MP,Neg,30.675,29.655,-1.021,27.472,31.195,3.722
uk_5,uk,5,Michigan State JS,Northwestern CY,Neg,31.49,30.668,-0.822,29.286,30.292,1.007
uk_5,uk,5,Missouri State CR,UMass Amherst LM,Neg,7.689,7.142,-0.547,19.869,20.214,0.345
uk_5,uk,5,Liberty ET,Emory GW,Aff,18.822,19.552,0.73,9.655,9.313,-0.342
uk_5,uk,5,Houston MR,George Mason WW,Neg,23.118,22.006,-1.112,28.981,29.269,0.287
uk_5,uk,5,Northwestern JP,Michigan State KP,Aff,28.773,29.504,0.731,26.823,26.04,-0.783
uk_5,uk,5,Wichita State ZM,West Georgia KM,Neg,14.123,11.195,-2.929,11.342,13.379,2.036
uk_5,uk,5,Oklahoma BP,Northwestern AY,Neg,19.328,16.954,-2.374,17.207,19.699,2.492
uk_5,uk,5,Michigan AO,Kentucky RS,Neg,30.496,29.709,-0.787,29.632,30.354,0.722
uk_5,uk,5,George Mason CD,Dartmouth RS,Neg,32.055,30.478,-1.577,24.929,26.478,1.549
uk_5,uk,5,Northwestern CC,Michigan BB,Neg,23.332,20.58,-2.753,20.986,21.957,0.971
uk_5,uk,5,Kansas HJ,Baylor PL,Neg,27.331,24.508,-2.824,22.398,24.461,2.063
uk_5,uk,5,Kansas BB,Wake Forest LP,Neg,26.97,26.699,-0.271,33.574,33.832,0.258
uk_5,uk,5,Kansas BF,Michigan FP,Aff,32.276,32.595,0.318,27.191,26.746,-0.445
uk_5,uk,5,Western Kentucky IN,Emory AT,Neg,30.142,29.356,-0.787,29.167,30.022,0.855
uk_5,uk,5,Northwestern LP,Georgetown GT,Aff,29.719,30.39,0.671,27.891,27.3,-0.591
uk_5,uk,5,Georgetown BP,Michigan CX,Aff,25.674,26.273,0.598,24.298,22.363,-1.934
uk_5,uk,5,Southern California BM,Wyoming HW,Aff,26.777,27.111,0.334,21.502,21.17,-0.332
uk_5,uk,5,Kentucky EM,Texas GS,Neg,23.924,21.506,-2.418,20.755,21.959,1.204
uk_5,uk,5,Baylor BK,Wake Forest AM,Neg,23.355,22.912,-0.444,27.147,27.603,0.456
uk_5,uk,5,Harvard MV,Emory OP,Neg,32.442,28.882,-3.559,27.7,28.631,0.93
uk_5,uk,5,Emory SY,UC Berkeley BM,Neg,36.749,36.204,-0.545,37.549,38.176,0.627
uk_5,uk,5,Gonzaga AG,Navy LS,Aff,8.695,10.059,1.364,11.286,9.12,-2.166
uk_5,uk,5,Michigan AD,Harvard GG,Neg,21.264,20.891,-0.373,29.269,30.004,0.735
uk_5,uk,5,Michigan CS,UTD DH,Aff,38.567,39.004,0.437,35.228,34.786,-0.442
uk_5,uk,5,Emory HT,Northwestern LT,Neg,28.552,28.181,-0.371,35.205,35.488,0.283
uk_5,uk,5,Southern California LP,Texas AL (Low/Ali),Neg,21.557,21.382,-0.175,31.574,32.004,0.43
uk_5,uk,5,Western Kentucky KN,Kansas AW,Aff,27.261,28.146,0.885,29.221,28.365,-0.857
uk_5,uk,5,Kansas PL,Texas GB,Aff,25.08,25.51,0.43,21.246,19.828,-1.417
uk_5,uk,5,Missouri State NN,Northwestern HP,Aff,19.199,20.47,1.27,14.544,13.822,-0.722
uk_5,uk,5,Kansas FH,Georgetown LN,Neg,21.37,21.075,-0.295,29.422,29.635,0.213
uk_5,uk,5,Missouri State DS,Northwestern KM,Neg,20.632,20.328,-0.303,27.85,28.169,0.319
uk_5,uk,5,Kansas UO,Michigan BS,Neg,40.042,39.527,-0.516,40.291,40.98,0.689
uk_5,uk,5,Emory JS,Dartmouth BP,Aff,34.104,34.72,0.616,25.84,25.388,-0.452
uk_5,uk,5,Dartmouth BC,Iowa BS,Aff,28.042,28.343,0.3,21.546,21.258,-0.287
uk_5,uk,5,Kentucky CS,Minnesota UW,Aff,25.696,26.069,0.373,21.06,19.996,-1.064
uk_5,uk,5,Wake Forest LW,Wichita State GM,Aff,22.441,23.816,1.375,26.795,24.644,-2.151
uk_5,uk,5,Texas BS,Kansas AV,Aff,17.488,19.639,2.152,18.213,16.189,-2.024
uk_5,uk,5,Southern California MT,Liberty SS,Aff,28.541,28.847,0.306,22.511,21.82,-0.692
uk_5,uk,5,Houston FI,Western Kentucky CS,Neg,26.457,25.589,-0.868,25.389,26.237,0.848
uk_5,uk,5,Gonzaga MP,Oklahoma BW,Aff,19.899,21.189,1.29,23.748,22.497,-1.251
uk_5,uk,5,George Mason BN,Western Kentucky HM,Aff,14.873,17.507,2.634,14.909,13.989,-0.92
uk_5,uk,5,Kansas BT,Northwestern LW,Aff,25.753,26.815,1.062,27.663,26.163,-1.5
uk_5,uk,5,Georgia CP,Wake Forest NS,Neg,28.201,26.703,-1.498,20.162,21.915,1.753
uk_5,uk,5,Dartmouth HH,Indiana TF,Aff,19.865,20.574,0.709,18.714,17.986,-0.728
uk_5,uk,5,Emory MW,Harvard JO,Aff,25.163,25.838,0.675,22.561,21.153,-1.409
uk_5,uk,5,Kansas BS,Wake Forest BS,Aff,28.127,29.79,1.663,35.079,33.645,-1.434
uk_5,uk,5,CSU Long Beach EM,Iowa EW,Neg,33.359,32.916,-0.443,33.857,34.491,0.635
uk_5,uk,5,Emory RC,Michigan GV,Neg,25.481,24.996,-0.485,33.135,33.441,0.306
uk_5,uk,5,Liberty CL,Iowa KP,Neg,32.897,32.256,-0.64,33.426,34.043,0.616
uk_5,uk,5,Harvard HL,Michigan State BS,Aff,30.374,30.853,0.48,26.561,25.965,-0.595
uk_5,uk,5,Baylor KM,George Mason/Samford PA,Aff,12.172,14.208,2.036,14.158,11.687,-2.47
uk_5,uk,5,Harvard/Boston University FJ,Georgetown MX,Neg,14.296,13.011,-1.285,19.55,20.537,0.987
uk_5,uk,5,Michigan State LM,Kansas SS,Aff,34.567,35.124,0.557,35.271,34.456,-0.815
uk_5,uk,5,Indiana DJ,Liberty KR,Aff,13.551,14.757,1.206,17.674,14.436,-3.238
uk_5,uk,5,George Mason RT,Oklahoma SW,Aff,19.16,20.691,1.531,18.735,16.705,-2.029
uk_5,uk,5,Dartmouth CF,Wake Forest TN,Aff,12.082,13.923,1.841,13.921,10.629,-3.293
uk_6,uk,6,Northwestern CY,Emory JS,Aff,30.292,31.273,0.98,34.72,32.154,-2.566
uk_6,uk,6,Kansas BL,Oklahoma BP,Aff,15.05,16.487,1.437,16.954,14.813,-2.141
uk_6,uk,6,Wyoming HW,Dartmouth HH,Aff,21.17,21.783,0.614,20.574,19.866,-0.708
uk_6,uk,6,Michigan CX,Houston MR,Aff,22.363,23.981,1.618,22.006,20.286,-1.72
uk_6,uk,6,Western Kentucky CS,Kentucky CS,Neg,26.237,25.529,-0.709,26.069,26.779,0.709
uk_6,uk,6,Iowa EW,Liberty CL,Aff,34.491,34.953,0.462,32.256,31.779,-0.477
uk_6,uk,6,Oklahoma SW,Kentucky EM,Neg,16.705,15.652,-1.053,21.506,22.302,0.796
uk_6,uk,6,Dartmouth BP,Michigan AC,Neg,25.388,24.616,-0.772,29.655,30.143,0.488
uk_6,uk,6,Northwestern LW,Texas BS,Neg,26.163,24.458,-1.705,19.639,22.823,3.183
uk_6,uk,6,Georgetown LN,Emory HT,Aff,29.635,30.216,0.581,28.181,27.421,-0.76
uk_6,uk,6,UMass Amherst LM,Iowa/Western Kentucky LD,Aff,20.214,21.92,1.706,21.012,19.009,-2.003
uk_6,uk,6,Oklahoma BW,Dartmouth CF,Aff,22.497,22.711,0.214,13.923,13.422,-0.501
uk_6,uk,6,Texas AL (Low/Ali),Southern California MT,Aff,32.004,33.179,1.175,28.847,28.41,-0.437
uk_6,uk,6,Iowa BS,Kansas FH,Neg,21.258,20.552,-0.706,21.075,22.034,0.958
uk_6,uk,6,Northwestern LT,Harvard AB,Aff,35.488,35.91,0.421,31.523,31.109,-0.414
uk_6,uk,6,Harvard JO,George Mason RT,Aff,21.153,22.611,1.458,20.691,19.293,-1.398
uk_6,uk,6,Michigan FP,George Mason BN,Aff,26.746,26.956,0.21,17.507,16.893,-0.615
uk_6,uk,6,Wichita State GM,Northwestern CC,Neg,24.644,23.026,-1.618,20.58,23.049,2.469
uk_6,uk,6,Central Oklahoma WH,Gonzaga AG,Aff,13.823,15.652,1.829,10.059,9.471,-0.588
uk_6,uk,6,Kansas AV,Houston FI,Neg,16.189,15.713,-0.476,25.589,25.755,0.167
uk_6,uk,6,Kansas AW,Georgetown BP,Aff,28.365,28.851,0.486,26.273,25.69,-0.582
uk_6,uk,6,Liberty KR,Missouri State DS,Neg,14.436,13.582,-0.853,20.328,20.688,0.36
uk_6,uk,6,Texas GB,Missouri State NN,Aff,19.828,21.621,1.792,20.47,18.604,-1.865
uk_6,uk,6,Georgetown GT,Liberty ET,Aff,27.3,27.522,0.222,19.552,18.759,-0.793
uk_6,uk,6,George Mason/Samford PA,Harvard/Boston University FJ,Neg,11.687,10.205,-1.482,13.011,14.715,1.705
uk_6,uk,6,Iowa KP,Michigan CS,Neg,34.043,33.739,-0.304,39.004,39.322,0.318
uk_6,uk,6,Kentucky RS,Wake Forest LW,Aff,30.354,30.583,0.229,23.816,23.473,-0.343
uk_6,uk,6,Northwestern AY,Baylor BK,Neg,19.699,18.353,-1.346,22.912,23.336,0.424
uk_6,uk,6,George Mason BG,CSU Long Beach EM,Neg,19.32,19.191,-0.129,32.916,32.952,0.036
uk_6,uk,6,Northwestern KM,Kansas BB,Neg,28.169,27.144,-1.025,26.699,27.491,0.792
uk_6,uk,6,Wake Forest BS,Emory RC,Aff,33.645,33.826,0.18,24.996,24.633,-0.364
uk_6,uk,6,Georgetown MX,Gonzaga MP,Neg,20.537,18.912,-1.626,21.189,21.861,0.672
uk_6,uk,6,Georgetown CL,Emory MW,Aff,24.256,25.379,1.123,25.838,24.764,-1.074
uk_6,uk,6,Emory OP,Harvard HL,Neg,28.631,28.124,-0.507,30.853,31.423,0.57
uk_6,uk,6,Michigan GV,Western Kentucky KN,Neg,33.441,31.938,-1.503,28.146,29.223,1.077
uk_6,uk,6,UTD DH,Kansas BF,Aff,34.786,35.276,0.49,32.595,32.122,-0.472
uk_6,uk,6,Baylor PL,Southern California BM,Neg,24.461,23.51,-0.951,27.111,27.566,0.456
uk_6,uk,6,Northwestern HP,Western Kentucky IN,Neg,13.822,13.76,-0.062,29.356,29.386,0.03
uk_6,uk,6,Wake Forest LP,Kansas BS,Aff,33.832,34.211,0.379,29.79,29.336,-0.454
uk_6,uk,6,Indiana TF,Baylor KM,Neg,17.986,16.976,-1.01,14.208,16.566,2.359
uk_6,uk,6,UC Berkeley BM,Northwestern JP,Neg,38.176,36.819,-1.357,29.504,31.401,1.897
uk_6,uk,6,Minnesota UW,Kansas HJ,Neg,19.996,19.091,-0.905,24.508,25.406,0.899
uk_6,uk,6,Wake Forest TN,Wichita State ZM,Neg,10.629,8.549,-2.08,11.195,12.885,1.69
uk_6,uk,6,Emory GW,Minnesota MN,Neg,9.313,8.885,-0.428,16.641,17.672,1.03
uk_6,uk,6,Kansas SS,Northwestern LP,Neg,34.456,33.44,-1.015,30.39,31.568,1.178
uk_6,uk,6,UC Berkeley GS,Dartmouth BC,Neg,25.681,25.128,-0.553,28.343,28.865,0.522
uk_6,uk,6,George Mason WW,Kansas PL,Aff,29.269,29.662,0.393,25.51,25.068,-0.442
uk_6,uk,6,Dartmouth CG,Kansas BT,Aff,36.04,36.138,0.098,26.815,26.631,-0.184
uk_6,uk,6,Emory AT,Southern California LP,Aff,30.022,30.199,0.177,21.382,21.179,-0.203
uk_6,uk,6,Wake Forest MP,Michigan ES,Neg,31.195,30.877,-0.317,43.922,44.03,0.108
uk_6,uk,6,Dartmouth RS,Kansas UO,Neg,26.478,26.42,-0.058,39.527,39.566,0.039
uk_6,uk,6,Michigan BS,Michigan State LM,Aff,40.98,41.255,0.276,35.124,34.92,-0.204
uk_6,uk,6,Michigan State KP,Indiana DJ,Aff,26.04,26.175,0.135,14.757,14.626,-0.131
uk_6,uk,6,Texas GS,Michigan State JS,Neg,21.959,21.729,-0.229,30.668,30.817,0.149
uk_6,uk,6,Michigan State BS,Baylor MM,Aff,25.965,26.1,0.135,14.662,14.505,-0.157
uk_6,uk,6,Michigan BB,Harvard MV,Aff,21.957,23.317,1.36,28.882,25.646,-3.237
uk_6,uk,6,West Georgia KM,Georgia CP,Neg,13.379,13.21,-0.168,26.703,26.766,0.063
uk_6,uk,6,Wake Forest AM,Emory SY,Neg,27.603,27.426,-0.177,36.204,36.343,0.139
uk_6,uk,6,Harvard GG,Michigan AO,Neg,30.004,28.062,-1.943,29.709,30.309,0.6
uk_6,uk,6,Wake Forest NS,George Mason CD,Neg,21.915,21.721,-0.194,30.478,30.668,0.19
uk_6,uk,6,Western Kentucky HM,Missouri State CR,Aff,13.989,14.374,0.385,7.142,6.044,-1.099
uk_6,uk,6,Liberty SS,Michigan AD,Neg,21.82,20.353,-1.467,20.891,22.024,1.133
uk_dubs,uk,dubs,Michigan State JS,Michigan BS,Neg,30.817,30.723,-0.093,41.255,41.353,0.098
uk_dubs,uk,dubs,George Mason CD,Michigan CS,Neg,30.668,30.491,-0.176,39.322,39.471,0.149
uk_dubs,uk,dubs,Harvard AB,Kansas UO,Neg,31.109,30.94,-0.169,39.566,39.69,0.124
uk_dubs,uk,dubs,Emory JS,Dartmouth CG,Neg,32.154,31.302,-0.852,36.138,36.391,0.253
uk_dubs,uk,dubs,Michigan State LM,Emory SY,Neg,34.92,34.523,-0.397,36.343,36.81,0.467
uk_dubs,uk,dubs,Northwestern JP,Iowa KP,Aff,31.401,32.395,0.995,33.739,32.994,-0.745
uk_dubs,uk,dubs,Northwestern LT,Wake Forest MP,Aff,35.91,36.233,0.323,30.877,29.755,-1.123
uk_dubs,uk,dubs,Kansas BB,Kentucky RS,Aff,27.491,28.383,0.892,30.583,29.764,-0.819
uk_dubs,uk,dubs,Kansas AW,UTD DH,Neg,28.851,28.622,-0.229,35.276,35.507,0.231
uk_dubs,uk,dubs,Wake Forest LP,George Mason WW,Aff,34.211,34.543,0.332,29.662,29.334,-0.329
uk_dubs,uk,dubs,Iowa EW,Michigan GV,Aff,34.953,35.338,0.385,31.938,31.399,-0.539
uk_dubs,uk,dubs,Southern California BM,Western Kentucky KN,Aff,27.566,28.331,0.765,29.223,28.496,-0.727
uk_dubs,uk,dubs,Northwestern CY,UC Berkeley BM,Aff,31.273,32.437,1.164,36.819,35.809,-1.01
uk_dubs,uk,dubs,Texas AL (Low/Ali),Liberty CL,Aff,33.179,34.446,1.268,31.779,31.312,-0.467
uk_dubs,uk,dubs,CSU Long Beach EM,Kansas SS,Neg,32.952,32.532,-0.419,33.44,34.037,0.597
uk_octas,uk,octas,Kansas SS,Michigan ES,Aff,34.037,35.394,1.357,44.03,42.044,-1.986
uk_octas,uk,octas,Texas AL (Low/Ali),Michigan BS,Neg,34.446,33.96,-0.486,41.353,41.568,0.214
uk_octas,uk,octas,Northwestern CY,Michigan CS,Neg,32.437,32.231,-0.205,39.471,39.671,0.2
uk_octas,uk,octas,Southern California BM,Kansas UO,Neg,28.331,28.26,-0.071,39.69,39.748,0.058
uk_octas,uk,octas,Dartmouth CG,Iowa EW,Aff,36.391,36.779,0.388,35.338,34.848,-0.49
uk_octas,uk,octas,Wake Forest LP,Emory SY,Neg,34.543,34.096,-0.447,36.81,37.197,0.388
uk_octas,uk,octas,Northwestern JP,UTD DH,Neg,32.395,31.931,-0.464,35.507,35.892,0.384
uk_octas,uk,octas,Northwestern LT,Kansas BB,Neg,36.233,34.871,-1.362,28.383,29.6,1.217
uk_quarters,uk,quarters,Michigan BS,UTD DH,Aff,41.568,41.822,0.255,35.892,35.652,-0.24
uk_quarters,uk,quarters,Emory SY,Michigan CS,Neg,37.197,36.84,-0.358,39.671,40.089,0.417
uk_quarters,uk,quarters,Dartmouth CG,Kansas UO,Aff,36.779,37.371,0.592,39.748,39.065,-0.683
uk_semis,uk,semis,Dartmouth CG,Kansas SS,Aff,37.371,37.68,0.308,35.394,34.975,-0.42
uk_finals,uk,finals,Dartmouth CG,Michigan BS,Neg,37.68,37.468,-0.212,41.822,42.14,0.318
