Team,Debaters,Mu,Sigma,Aff_Rounds,Neg_Rounds,Conservative,Tournaments,Ranked
Emory GY,Gallagher & Young,45.222,2.512,10,10,37.685,3,True
Michigan ES,Esmailzadeh & Shah,41.809,2.333,9,9,34.81,2,True
Michigan BS,Barrett & Song,41.701,2.076,12,14,35.472,3,True
Michigan CS,Chamarthy & Shetty,39.57,2.216,8,11,32.923,2,True
Kansas UO,Ulven & Owings,38.995,1.851,10,14,33.443,3,True
Emory SY,Stumpff & Yang,36.915,1.875,10,10,31.288,2,True
Dartmouth CG,Cai & Goldberg,36.905,1.671,14,12,31.891,3,True
UTD DH,Dickey & Hale,35.936,2.019,8,11,29.879,2,True
Macalester KS,Kochel & Schaffhausen,35.348,2.716,5,5,27.201,1,False
UC Berkeley BM,Boguslavsky & Modi,35.271,2.041,9,10,29.147,2,True
Michigan State LM,Lewis & Martin,34.887,1.877,11,12,29.255,3,True
Northwestern LT,Li & Tahirkheli,34.764,2.087,10,8,28.502,2,True
Wake Forest BS,Brown & Sencion,34.544,2.047,9,8,28.402,2,True
Kansas SS,Shaw & Suleman,34.439,1.97,9,10,28.528,2,True
Iowa EW,Eltyeb & Weimar,34.417,1.975,9,9,28.49,2,True
Wake Forest LP,Leverett & Patel,34.189,2.074,9,8,27.965,2,True
Texas AL (Low/Ali),Low & Ali,33.907,3.142,5,3,24.479,1,False
CSU Long Beach EM,Escobar & Medina,33.051,1.789,11,11,27.684,3,True
Iowa KP,Parfenoff & Kleiman,33.034,1.982,8,9,27.088,2,True
Dartmouth JT,Jones & Tapia,32.723,2.663,5,4,24.735,1,False
Texas AG,Ali & Gade,32.319,2.87,4,4,23.708,1,False
Harvard DS,Deshpande & Sridharan,32.185,2.505,5,4,24.669,1,False
Northwestern LP,Leonard & Peng,31.991,2.339,8,7,24.974,2,True
Liberty CL,Cunningham & Layton,31.797,1.969,7,9,25.889,2,True
Harvard HL,Howard & Li,31.688,2.226,7,8,25.01,2,True
Emory JS,Johnston & Shaeffer,31.62,3.209,4,3,21.992,1,False
Michigan GV,George & Vadathavoor,31.576,2.362,7,8,24.491,2,True
Kansas BF,Falin & Blaser,31.559,2.142,8,7,25.134,2,True
Harvard GM,Gheith & Mazumdar,31.409,3.143,4,4,21.981,1,False
Northwestern JP,Jayaratne & Patterson,31.363,2.141,9,8,24.942,2,True
Michigan State JS,Jarman & Shehzad,31.306,2.061,8,7,25.122,2,True
George Mason CD,Davis & clough,31.144,2.261,8,7,24.362,2,True
Northwestern CY,Camp & Yao,31.109,2.175,9,7,24.583,2,True
Dartmouth CS,Canabou & Seibels,30.983,2.958,4,4,22.109,1,False
Michigan AO,Agustin & Ou,30.711,2.071,6,7,24.497,2,True
Harvard AB,Aoki & Bodet,30.583,2.152,8,7,24.126,2,True
Michigan AC,Almand & Chalamalasetti,30.554,2.432,6,7,23.259,2,True
Georgetown LN,Lastelick & Nanji,30.376,2.308,7,7,23.452,2,True
Kansas BS,Brown & Suleman,30.316,2.334,7,7,23.314,2,True
Emory AT,Aggarwal & Taylor,30.2,2.215,7,7,23.555,2,True
Kentucky RS,Schedler & Rimpson,30.147,2.061,8,8,23.963,2,True
Dartmouth RU,ribo & Utovac,29.669,2.765,4,5,21.374,1,False
Wake Forest MP,McDonald & Prabhakar,29.628,3.937,3,3,17.818,1,False
George Mason WW,Witkov & Wright,29.575,2.108,8,8,23.25,2,True
Western Kentucky KN,Kumar & Ney,29.241,1.969,7,8,23.333,2,True
Texas AL (Low/Andrew),Low & Andrew,29.206,3.751,2,2,17.952,1,False
Michigan State FM,Foster & Morris,29.178,2.664,6,5,21.184,2,True
Western Kentucky IN,Niendorf & Ingram,29.158,2.12,9,8,22.797,2,True
Kansas AW,Ain & Walawender,29.053,2.043,8,7,22.923,2,True
Kansas BB,Bath & Boyle,29.02,2.044,8,8,22.89,2,True
Dartmouth BC,Ben-Abdallah & Carpenter,28.503,2.311,7,7,21.57,2,True
Southern California MT,Troup & Mills,28.476,2.178,7,7,21.941,2,True
Emory HT,Hight & Tharp,28.139,2.488,7,7,20.676,2,True
Southern California BM,Bradley & Martin,28.048,2.064,9,7,21.855,2,True
Harvard GG,Gheith & Gupta,27.985,3.504,3,3,17.474,1,False
Georgetown GT,Greenberg & Tamfu,27.889,2.195,7,7,21.304,2,True
Michigan State BS,Buhl & sterbenc,27.824,2.411,7,7,20.591,2,True
Kansas BT,Baxter-Kauf & Terreros,27.738,2.528,7,7,20.153,2,True
Georgia CP,Cannon & Pack,27.589,2.252,7,7,20.835,2,True
Northwestern KM,Kung & Miramontes,27.541,2.448,7,7,20.199,2,True
Emory TY,Tahirkheli & Yang,27.428,3.267,4,4,17.629,1,False
Kentucky CS,Coale & Slish,27.369,2.181,10,10,20.825,3,True
Wake Forest AM,Aderibigbe & Mbye,27.361,2.283,7,7,20.511,2,True
Emory OP,okahata & Park,27.352,2.214,7,7,20.71,2,True
Kansas CC,Chidambaranathan & Chaudhry,27.257,2.579,4,4,19.521,1,False
Emory SW,So & Wang,26.963,2.968,4,4,18.06,1,False
UTD RH,Ravi & Hoch,26.734,2.564,4,4,19.041,1,False
Georgetown CL,Li & Ciancanelli,26.669,2.491,6,7,19.194,2,True
Michigan FP,Pazona & Furtek,26.669,2.346,7,7,19.631,2,True
Michigan State KP,Kincaid & Patel,26.669,2.758,7,7,18.395,2,True
Michigan LS,Laskar & Sivasubramanian,26.654,3.033,4,4,17.554,1,False
Dartmouth RS,Rao & Song,26.469,2.292,7,7,19.595,2,True
Wake Forest DM,Dingley & McDonald,26.424,2.995,4,4,17.44,1,False
UC Berkeley AW,Antony & Wilson,26.32,3.129,4,4,16.932,1,False
Emory MW,Mansoor & Walsh,26.119,2.533,7,7,18.521,2,True
Georgetown BP,Perez-Rubio & Barbiere,26.08,2.287,7,7,19.219,2,True
Western Kentucky CS,Carter & Schintgen,25.747,2.168,7,7,19.244,2,True
Emory JR,Johnston & Ravikumar,25.741,2.949,4,4,16.893,1,False
Harvard MV,Merges & Vaghaiwalla,25.735,3.483,3,3,15.288,1,False
Southern California DP,Dollinger & Presley,25.725,2.817,4,4,17.275,1,False
UC Berkeley GS,Gilrain-Lennon & Situ,25.612,2.393,7,7,18.432,2,True
Houston FI,Fernandez & Ibarra,25.544,2.257,7,7,18.772,2,True
Georgia KL,Kaidar-Heafetz & Lackey,25.523,2.79,4,3,17.153,1,False
Missouri State NC,Neal & Cooper,25.244,3.07,4,4,16.035,1,False
Wichita State GM,Griffith & Mallett,25.126,2.901,4,5,16.424,2,True
Oklahoma BW,Ballinger & Wright,24.916,2.406,7,6,17.698,2,True
Northwestern LW,Lundberg & Weisz,24.9,2.878,3,3,16.266,1,False
North Texas BV,bowman & Vargas,24.713,2.674,4,4,16.691,1,False
Kansas PL,Pace & LaPoint,24.712,2.227,7,7,18.03,2,True
Michigan BB,Brashear & Byron-Smarra,24.674,2.355,7,7,17.61,2,True
Michigan AR,Apfaltrer & Ryan,24.406,3.239,4,4,14.69,1,False
Kansas HJ,Jijo & Home,24.201,3.387,3,3,14.04,1,False
Emory CS,Charabuddi & Shaeffer,24.152,3.171,4,4,14.64,1,False
Kansas PB,Persson & Bauman,23.966,2.945,4,4,15.13,1,False
Kentucky EM,Ervin & Marcos,23.94,3.367,3,3,13.838,1,False
Emory RC,Ravikumar & Cross,23.923,3.238,2,3,14.209,1,False
Dartmouth BP,Park & Brody,23.865,3.255,3,3,14.1,1,False
Baylor BK,Benton & Keeler,23.778,2.196,7,7,17.191,2,True
Northwestern CC,Canchola-Plascencia & Chan,23.736,3.531,3,3,13.144,1,False
UMass Amherst LM,Levitan & Moussavou,23.469,3.673,3,3,12.449,1,False
Wake Forest NS,Sampat & Nounawon-Castro,23.406,2.295,7,7,16.522,2,True
Baylor PL,Li & Phillips,23.342,3.003,3,3,14.332,1,False
Michigan CX,Chun & Xu,23.217,3.645,3,3,12.281,1,False
Wyoming HW,Hawley & Widi,23.103,2.206,7,7,16.486,2,True
Wake Forest LW,Laforest & Williams,22.979,2.35,7,7,15.928,2,True
Wake Forest PT,Prabhakar & Timsah,22.911,3.12,4,4,13.553,1,False
Harvard JO,Jin & Ohr,22.815,3.495,3,3,12.332,1,False
Michigan AD,Athanassiou & Davidov,22.769,2.736,7,7,14.561,2,True
Wake Forest HN,Hale & Namikas,22.758,2.302,6,6,15.851,2,True
Baylor PA,Phillips & Arroyo,22.713,2.905,4,4,13.999,1,False
Texas BS,Banse & Small,22.623,3.378,3,3,12.489,1,False
Gonzaga MP,Murray & Pascas,22.594,2.378,7,7,15.46,2,True
Georgetown VX,Valame & Xiao,22.58,2.865,4,4,13.986,1,False
Kansas FH,Fordyce & Hasiuk,22.176,2.526,7,7,14.598,2,True
Southern California LP,Lee & Plotkin,22.102,2.297,7,7,15.211,2,True
Texas GB,Gade & Braziel,22.013,3.523,3,3,11.444,1,False
Texas GS,Garza & Stevenson,21.973,2.558,7,7,14.3,2,True
Emory CF,Cannaday & Feldman,21.849,2.962,4,4,12.964,1,False
Kansas State SF,Spurlock & Fellows,21.715,2.948,4,4,12.87,1,False
Houston MR,Macasaet & Roberts,21.502,3.672,3,3,10.485,1,False
Michigan BL,Baba & Ledesma,21.349,2.687,4,4,13.288,1,False
Missouri State DS,DeAngelis & Siever,21.299,2.443,7,6,13.969,2,True
Iowa BS,Bilicki & Severson,21.069,2.302,7,7,14.163,2,True
Liberty SS,Soares & Spencer,21.055,3.13,3,3,11.666,1,False
Dartmouth HH,Hatton & Hilario-Peralta,20.802,2.386,7,7,13.644,2,True
George Mason BG,Gorman & Bridgers,20.158,3.344,3,3,10.127,1,False
Minnesota UW,Wells & Usenov,20.022,3.128,3,3,10.64,1,False
Dartmouth DO,Dinerman & Okuna,19.978,3.373,3,4,9.858,1,False
Missouri State NN,Neal & Neal,19.976,3.792,3,3,8.601,1,False
Emory CrSm,Cross & Smith,19.935,3.372,4,4,9.819,1,False
Georgetown MX,Xiao & Molina-Jimenez,19.797,3.679,3,3,8.761,1,False
Emory ChSt,Chen & Sterenberg,19.647,3.466,4,4,9.248,1,False
Dartmouth BJ,Brody & Jiang,19.37,3.23,4,4,9.681,1,False
George Mason RT,Taxali & Rosa-Pérez Montes,19.317,3.553,3,3,8.659,1,False
Liberty ET,Etienne & Tooley,19.173,4.072,3,3,6.956,1,False
Kansas State DD,Day & Draeger,19.038,2.835,4,4,10.534,1,False
Indiana TF,Truemper & Fish,18.592,2.389,7,7,11.426,2,True
Michigan BP,Beg & Pandit,18.419,3.211,4,4,8.786,1,False
Baylor KM,Merriwether & Krikorian,18.359,3.486,3,3,7.901,1,False
Trinity BK,Barden & Khalikov,18.331,2.816,4,4,9.883,1,False
Minnesota MN,Munson & Nager,18.169,4.462,2,2,4.784,1,False
Iowa LS,Sanderson & Larsen,18.075,3.079,4,4,8.84,1,False
Emory ST,Stearns & Tai,17.885,2.661,4,4,9.903,1,False
George Mason BN,Badmus & Noye,17.882,4.116,3,2,5.533,1,False
Iowa/Western Kentucky LD,Larsen & Dillon,17.842,3.862,3,3,6.257,1,False
West Georgia GK,Kennon & García,17.767,3.26,4,4,7.988,1,False
Northwestern AY,Arceo & Young,17.535,3.926,3,3,5.757,1,False
Trinity CO,Olabanji & Crowley,17.096,3.198,4,4,7.504,1,False
Central Oklahoma WH,Walker & Hellwege,16.635,4.681,2,2,2.591,1,False
Washburn LR,Raines & Largent,16.512,3.324,4,4,6.54,1,False
Baylor LM,Li & Merriwether,16.292,2.912,4,4,7.556,1,False
Kansas BL,Levin & Bauman,16.205,3.291,3,3,6.331,1,False
Northwestern OY,Olorunsola & Yates,16.016,4.604,2,2,2.204,1,False
Western Kentucky HM,Hendrix & Mike,15.943,2.779,7,7,7.607,2,True
Kansas AV,Verma & Adedipe,15.707,4.331,3,3,2.713,1,False
Missouri State CP,Cowdrey-Mota & Petty,15.607,3.286,4,3,5.751,1,False
Baylor MM,Marek & Mathews,15.573,2.775,6,7,7.247,2,True
Georgetown RM,Ross & Molina-Jimenez,15.227,3.301,4,4,5.323,1,False
Missouri State BM,Bates & McSorley,14.906,3.441,4,4,4.582,1,False
Indiana DJ,Duggal & Jones,14.68,2.641,7,7,6.757,2,True
Harvard/Boston University FJ,Facey & Jones,14.542,4.146,3,3,2.104,1,False
Utah BH,Boscan & Hicks,14.315,3.414,4,4,4.073,1,False
Missouri State DH,Dua & Hahn,14.286,3.48,4,4,3.848,1,False
West Georgia KM,Kennon & Missell,14.149,3.666,3,3,3.151,1,False
Northwestern HP,Peltier & Heftman,14.035,3.316,3,3,4.087,1,False
Oklahoma SW,Smith & Werner,13.712,3.96,3,3,1.831,1,False
Wichita State ZM,Marciano & Zdrojewski,13.363,4.395,3,3,0.179,1,False
Liberty KR,Koenig & Ronchetti,12.832,4.002,3,3,0.825,1,False
Dartmouth CF,Figueroa & Chen,12.732,4.206,3,3,0.114,1,False
West Georgia HL,Lovering & Handley,12.502,3.308,5,6,2.578,2,True
Utah VP,Verbeck-O'Brien & Parrish,12.419,3.288,4,4,2.554,1,False
Oklahoma BP,Bustos & prather,11.659,4.521,3,3,-1.905,1,False
Oklahoma PS,Smith & prather,11.099,3.411,4,4,0.867,1,False
Wyoming LW,Lyday & Willson,10.918,5.135,2,2,-4.487,1,False
George Mason/Samford PA,Alexander & Poteet,10.713,4.704,3,3,-3.4,1,False
Kansas LL,Lemaster & Levin,10.616,3.067,4,4,1.415,1,False
Gonzaga AG,atkin & Gibson,9.669,2.938,7,7,0.857,2,True
Emory GW,granchi & Wang,9.18,3.468,7,6,-1.222,2,True
Navy LS,Lawrence & Satterfield,7.495,3.615,2,3,-3.35,1,False
Wake Forest TN,Nguyen & Timsah,6.24,4.952,3,3,-8.616,1,False
Missouri State CR,Cowdrey-Mota & Rice,6.158,4.858,3,2,-8.414,1,False
