Team,Debaters,Initials,Mu,Sigma,Aff_Rounds,Neg_Rounds,Debater_IDs,Conservative,Tournaments,Ranked
Kansas MR,Revare & Marshall,g & j,43.279,1.071,47,45,Kansas/g.revare|Kansas/j.marshall,40.066,9,True
Emory GH,Gallagher & Hecht,d & m,42.065,1.079,38,43,Emory/d.gallagher|Emory/m.hecht,38.827,9,True
Georgetown CW,Cowan & White,c & a,40.34,2.735,5,6,Georgetown/c.cowan|Georgetown/a.white,32.134,1,False
Michigan BP,Barrett & Park,e & j,40.029,0.986,47,44,Michigan/e.barrett|Michigan/j.park,37.072,10,True
Dartmouth BC,Bald & Cai,h & n,39.474,0.96,48,38,Dartmouth/h.bald|Dartmouth/n.cai,36.593,9,True
Macalester KP,Price & Kochel,s & w,38.815,1.312,24,24,Macalester/s.price|Macalester/w.kochel,34.877,5,True
Binghamton CT,T. Louis & Cohn,e & j,38.525,0.991,42,38,Binghamton/e.tlouis|Binghamton/j.cohn,35.551,8,True
Kentucky AM,Adam & McBlain,j & l,38.019,0.978,44,40,Kentucky/j.adam|Kentucky/l.mcblain,35.086,9,True
Northwestern DR,Deo & Rubin,a & v,37.831,0.941,43,46,Northwestern/a.deo|Northwestern/v.rubin,35.007,9,True
Georgetown CS,Sayers & Cowan,b & c,37.578,1.086,36,28,Georgetown/b.sayers|Georgetown/c.cowan,34.319,7,True
Kansas LS,Schultz & Larson,l & r,37.318,1.162,31,30,Kansas/l.schultz|Kansas/r.larson,33.833,7,True
Michigan State GL,Gusis & Lewis,j & s,37.147,1.062,37,34,Michigan State/j.gusis|Michigan State/s.lewis,33.96,8,True
CSU Long Beach OM,Ortega & Medina,c & d,36.898,0.973,37,43,CSU Long Beach/c.ortega|CSU Long Beach/d.medina,33.98,9,True
Emory LY,Lobo & Yang,l & c,36.616,1.038,32,40,Emory/l.lobo|Emory/c.yang,33.501,8,True
Harvard GY,Gines & Yeshitila,c & l,36.238,1.708,12,13,Harvard/c.gines|Harvard/l.yeshitila,31.115,3,True
Northwestern PS,Pacconi & Souchet,j & a,35.95,1.272,23,26,Northwestern/j.pacconi|Northwestern/a.souchet,32.134,6,True
Wake Forest BM,Bressler & Mojica,g & a,35.908,1.019,34,41,Wake Forest/g.bressler|Wake Forest/a.mojica,32.852,8,True
Michigan SS,Shah & Shih,a & c,35.609,1.034,34,37,Michigan/a.shah|Michigan/c.shih,32.508,8,True
Georgetown RS,Raman & Sayers,n & b,35.595,2.967,5,4,Georgetown/n.raman|Georgetown/b.sayers,26.693,1,False
Kansas HP,Hato & Persinger,b & a,35.33,2.774,5,5,Kansas/b.hato|Kansas/a.persinger,27.007,1,False
Michigan State MM,Miklovis & Montford,t & b,35.289,1.139,30,31,Michigan State/t.miklovis|Michigan State/b.montford,31.871,7,True
Emory MW,Walsh & Maxwell,z & r,34.997,2.951,4,3,Emory/z.walsh|Emory/r.maxwell,26.143,1,False
Kansas AS,Spiers & Ain,j & c,34.487,1.999,9,8,Kansas/j.spiers|Kansas/c.ain,28.491,2,True
Michigan ES (Esmailzadeh/Shetty),Esmailzadeh & Shetty,c & r,34.466,1.366,19,22,Michigan/c.esmailzadeh|Michigan/r.shetty,30.369,5,True
West Georgia DK,Dal Pra & Keller,s & j,34.436,1.185,26,27,West Georgia/s.dalpra|West Georgia/j.keller,30.882,6,True
Macalester HK,Harrison & Kochel,i & w,34.298,2.804,4,4,Macalester/i.harrison|Macalester/w.kochel,25.886,1,False
Emory RY,Rupp & Young,s & j,34.259,2.589,3,7,Emory/s.rupp|Emory/j.young,26.491,1,False
Emory KP,Pierce & Kim,d & a,33.901,1.147,27,30,Emory/d.pierce|Emory/a.kim,30.461,7,True
Emory MR,Rupp & Maxwell,s & r,33.627,1.254,24,23,Emory/s.rupp|Emory/r.maxwell,29.865,6,True
Emory CP,Conry & Piekut,c & b,33.623,1.084,32,32,Emory/c.conry|Emory/b.piekut,30.369,8,True
Emory GY,Geevarghese & Young,s & j,33.49,1.417,20,20,Emory/s.geevarghese|Emory/j.young,29.239,5,True
Iowa AP,Parfenoff & Anderson McElligott,g & s,33.226,1.186,26,25,Iowa/g.parfenoff|Iowa/s.andersonmcelligott,29.666,6,True
Houston AK,Abad & Khan,n & k,33.086,1.731,11,12,Houston/n.abad|Houston/k.khan,27.893,3,True
NYU MS,Makinde & Saigal,e & v,33.011,1.255,28,23,NYU/e.makinde|NYU/v.saigal,29.245,6,True
Wake Forest LS,Leverett & Sencion,e & r,32.985,1.122,28,28,Wake Forest/e.leverett|Wake Forest/r.sencion,29.619,7,True
Kansas SH,Hato & Suleman,b & n,32.911,2.147,8,8,Kansas/b.hato|Kansas/n.suleman,26.471,2,True
Liberty CL,Layton & Cunningham,e & j,32.874,1.585,16,17,Liberty/e.layton|Liberty/j.cunningham,28.119,4,True
Kentucky RS,Rimpson & Stockstill,j & a,32.761,1.291,22,25,Kentucky/j.rimpson|Kentucky/a.stockstill,28.887,6,True
Georgia IP,Ippagunta & Potdar,p & a,32.537,1.454,17,16,Georgia/p.ippagunta|Georgia/a.potdar,28.173,4,True
Kansas HW,Wilkus & Harris,j & e,32.344,1.125,32,30,Kansas/j.wilkus|Kansas/e.harris,28.97,8,True
Dartmouth CaGu,Cai & Guddati,n & a,32.338,1.683,14,13,Dartmouth/n.cai-2|Dartmouth/a.guddati,27.289,3,True
Kansas WW,Willingham & Owings,z & o,32.019,1.196,28,25,Kansas/z.willingham|Kansas/o.owings,28.43,7,True
UC Berkeley MR,Menotti & Reichel,e & r,31.964,1.354,19,21,UC Berkeley/e.menotti|UC Berkeley/r.reichel,27.903,5,True
Stanford LL,Lai & Lai,d & k,31.934,1.776,12,13,Stanford/d.lai|Stanford/k.lai,26.606,3,True
Texas AF,Anderson & Feinstein,r & l,31.894,1.191,27,28,Texas/r.anderson|Texas/l.feinstein,28.322,7,True
Houston AS,Abad & Schnitzer,n & j,31.886,3.048,5,4,Houston/n.abad|Houston/j.schnitzer,22.741,1,False
Dartmouth CW,Cai & Wallace,n & s,31.874,2.301,8,8,Dartmouth/n.cai-2|Dartmouth/s.wallace,24.97,2,True
Wake Forest BW,Bathily & wolfe,s & c,31.751,1.472,21,18,Wake Forest/s.bathily|Wake Forest/c.wolfe,27.336,5,True
Michigan ES (Esmailzadeh/Sharma),Esmailzadeh & Sharma,c & i,31.527,1.798,12,11,Michigan/c.esmailzadeh|Michigan/i.sharma,26.133,3,True
UTD KP,Karchmer & Penumetcha,a & r,31.441,1.197,27,28,UTD/a.karchmer|UTD/r.penumetcha,27.85,7,True
Northwestern AL (Arney/Lundberg),Arney & Lundberg,b & a,31.206,1.227,27,26,Northwestern/b.arney|Northwestern/a.lundberg,27.523,7,True
Emory ST,Tahirkheli & Song,a & i,31.158,1.676,13,14,Emory/a.tahirkheli|Emory/i.song,26.129,4,True
UTD HR,Hale & Ravi,c & s,31.021,1.286,27,24,UTD/c.hale|UTD/s.ravi,27.162,7,True
UC Berkeley BT,Boguslavsky & Tsan,i & t,31.003,1.302,24,22,UC Berkeley/i.boguslavsky|UC Berkeley/t.tsan,27.098,6,True
Kentucky GS,Gabay & Slish,a & r,30.96,1.138,29,32,Kentucky/a.gabay|Kentucky/r.slish,27.545,8,True
Southern California BR,Bhadani & Rahman,a & r,30.648,1.332,23,24,Southern California/a.bhadani|Southern California/r.rahman,26.651,6,True
UTD KS,Sendejas & Karthik,a & m,30.534,1.469,19,19,UTD/a.sendejas|UTD/m.karthik,26.127,5,True
Dartmouth GK,Guddati & Katyal,a & h,30.527,3.013,4,4,Dartmouth/a.guddati|Dartmouth/h.katyal,21.488,1,False
UC Berkeley SU,Sen & Urfalian,a & m,30.493,2.398,7,8,UC Berkeley/a.sen|UC Berkeley/m.urfalian,23.298,2,True
Baylor DL,Darwish & Lassen,o & l,30.452,2.28,9,7,Baylor/o.darwish|Baylor/l.lassen,23.614,2,True
George Mason RW,Reed & Wright,n & a,30.338,1.318,24,24,George Mason/n.reed|George Mason/a.wright,26.384,7,True
Samford RP,Riggs & Pack,t & l,30.3,2.733,4,4,Samford/t.riggs|Samford/l.pack,22.101,1,False
George Mason DF,Davis & Fuchs,a & j,30.291,1.199,26,28,George Mason/a.davis|George Mason/j.fuchs,26.695,7,True
Gonzaga RW,Wellman & Roe,k & e,30.196,2.941,4,4,Gonzaga/k.wellman|Gonzaga/e.roe,21.374,1,False
Minnesota PW,Parrish & Wells,j & k,30.159,1.903,10,11,Minnesota/j.parrish|Minnesota/k.wells,24.449,3,True
Gonzaga DW,Dawson & Weinhardt,n & d,30.124,1.518,17,18,Gonzaga/n.dawson|Gonzaga/d.weinhardt,25.57,5,True
Wake Forest EP,Elliott & Perez,e & t,30.087,1.442,19,18,Wake Forest/e.elliott|Wake Forest/t.perez,25.761,5,True
Emory CL,Liu & Cannaday,d & w,30.012,3.797,2,3,Emory/d.liu|Emory/w.cannaday,18.62,1,False
Harvard DS,Deshpande & Sridharan,n & a,29.933,1.532,19,19,Harvard/n.deshpande|Harvard/a.sridharan,25.338,5,True
Harvard AB,Aoki & Bodet,s & j,29.863,1.505,19,19,Harvard/s.aoki|Harvard/j.bodet,25.349,5,True
Michigan State BS,Bennett & Shehzad,e & h,29.787,1.406,22,21,Michigan State/e.bennett|Michigan State/h.shehzad,25.571,6,True
Michigan ShSi,Shetty & Simha,r & n,29.598,2.427,7,6,Michigan/r.shetty|Michigan/n.simha,22.316,2,True
Minnesota HH,Haber-Fawcett & Herzer,b & j,29.508,2.406,7,5,Minnesota/b.haberfawcett|Minnesota/j.herzer,22.289,2,True
Houston KY,Yadagiri & Khan,s & k,29.415,1.817,12,11,Houston/s.yadagiri|Houston/k.khan,23.964,3,True
Iowa BW,Bilicki & Weimar,r & n,29.297,1.237,27,25,Iowa/r.bilicki|Iowa/n.weimar,25.587,7,True
Michigan State JS,Jarman & Scully,z & g,29.094,1.457,19,18,Michigan State/z.jarman|Michigan State/g.scully,24.724,5,True
Kansas BW,Walawender & Brown,h & c,28.786,1.69,13,15,Kansas/h.walawender|Kansas/c.brown,23.715,4,True
Southern California BrRe,Bradley & Reese,c & t,28.535,1.529,19,18,Southern California/c.bradley|Southern California/t.reese,23.949,5,True
Baylor LC,Lassen & Chatur,l & s,28.513,2.48,7,8,Baylor/l.lassen|Baylor/s.chatur,21.073,2,True
Wake Forest CS,Shaw & Cline,p & j,28.441,1.963,10,11,Wake Forest/p.shaw|Wake Forest/j.cline,22.553,3,True
Dartmouth CG,Carpenter & Goldberg,e & l,28.435,1.389,23,22,Dartmouth/e.carpenter|Dartmouth/l.goldberg,24.267,6,True
Michigan GS,Gao & Sanchez,n & h,28.345,2.316,8,7,Michigan/n.gao|Michigan/h.sanchez,21.395,2,True
Navy CR,Connor & Rea,t & a,28.343,1.556,18,18,Navy/t.connor|Navy/a.rea,23.675,5,True
Emory BS (Bellam/Shirts),Bellam & Shirts,s & j,28.28,2.492,7,7,Emory/s.bellam|Emory/j.shirts,20.803,2,True
Wake Forest HS,Sayoto & Hale,j & d,28.101,3.24,3,3,Wake Forest/j.sayoto|Wake Forest/d.hale,18.382,1,False
Binghamton KR,King & Reza Husain,a & i,28.02,1.871,11,12,Binghamton/a.king|Binghamton/i.rezahusain,22.408,3,True
Emory OP,okahata & Park,m & c,27.957,1.678,15,14,Emory/m.okahata|Emory/c.park,22.923,4,True
Texas NS,Naman & Stevenson,t & d,27.957,2.225,8,8,Texas/t.naman|Texas/d.stevenson,21.28,2,True
Wake Forest SS,Sayoto & Shaw,j & p,27.749,3.193,4,3,Wake Forest/j.sayoto|Wake Forest/p.shaw,18.17,1,False
Dartmouth ML,Mao & Lin,e & z,27.744,2.979,4,4,Dartmouth/e.mao|Dartmouth/z.lin,18.806,1,False
Northwestern MO,Martinez & Ouyang,m & t,27.693,3.012,3,3,Northwestern/m.martinez|Northwestern/t.ouyang,18.658,1,False
Kansas BS,Spiers & Barreto,j & a,27.557,1.96,10,10,Kansas/j.spiers|Kansas/a.barreto,21.679,3,True
Western Kentucky CF,Carter & Fournier,s & r,27.306,1.665,14,15,Western Kentucky/s.carter|Western Kentucky/r.fournier,22.31,4,True
Houston DF,Doratt & Fernandez,h & a,27.254,1.397,22,21,Houston/h.doratt|Houston/a.fernandez,23.063,6,True
Southern California MM,Mills & Mirza,j & s,27.125,3.485,3,3,Southern California/j.mills|Southern California/s.mirza,16.669,1,False
James Madison BR,Balda & Rinehart,j & r,27.116,1.507,19,21,James Madison/j.balda|James Madison/r.rinehart,22.596,6,True
Northwestern HL,Hines & Lee,b & m,27.089,2.106,9,10,Northwestern/b.hines|Northwestern/m.lee,20.771,3,True
Michigan DS,Saudek & Davidov,b & r,26.966,1.696,15,15,Michigan/b.saudek|Michigan/r.davidov,21.877,4,True
Liberty CS,Short & Cunningham,m & j,26.852,2.555,7,7,Liberty/m.short|Liberty/j.cunningham,19.186,2,True
Northwestern AL (Lee/Arney),Lee & Arney,m & b,26.801,3.518,3,3,Northwestern/m.lee|Northwestern/b.arney,16.246,1,False
Kansas LM,McConnell & Logback,s & e,26.748,2.523,7,6,Kansas/s.mcconnell|Kansas/e.logback,19.178,2,True
Michigan AO,Agustin & Ou,w & r,26.745,1.285,25,25,Michigan/w.agustin|Michigan/r.ou,22.89,7,True
Georgetown GZ,Greenberg & Zinober,m & z,26.588,2.846,4,4,Georgetown/m.greenberg|Georgetown/z.zinober,18.051,1,False
Georgetown RG,Raman & Greenberg,n & m,26.585,3.351,3,3,Georgetown/n.raman|Georgetown/m.greenberg,16.533,1,False
Trinity PW,Walker & Patterson,w & r,26.55,3.679,2,3,Trinity/w.walker|Trinity/r.patterson,15.514,1,False
Gonzaga WW,Wellman & Weinhardt,k & d,26.468,2.506,7,7,Gonzaga/k.wellman|Gonzaga/d.weinhardt,18.95,2,True
Kansas AB,Ain & Bath,c & c,26.364,1.938,10,11,Kansas/c.ain|Kansas/c.bath,20.551,3,True
Dartmouth KR,Katyal & Rao,h & s,26.182,1.781,14,14,Dartmouth/h.katyal|Dartmouth/s.rao,20.84,4,True
Southern California MT,Troup & Mills,m & j,26.033,2.057,8,8,Southern California/m.troup|Southern California/j.mills,19.864,2,True
Michigan State AB,Bennett & Ansari,e & o,26.011,3.169,4,3,Michigan State/e.bennett|Michigan State/o.ansari,16.504,1,False
Emory SW,So & Wang,e & m,25.977,2.135,8,8,Emory/e.so|Emory/m.wang,19.571,2,True
Trinity KP,Patterson & King,r & b,25.969,1.866,11,11,Trinity/r.patterson|Trinity/b.king,20.372,3,True
Emory OS,okahata & Sanneh,m & a,25.956,3.402,4,3,Emory/m.okahata|Emory/a.sanneh,15.751,1,False
Michigan SaSh,Saudek & Shetty,b & r,25.786,3.026,4,4,Michigan/b.saudek|Michigan/r.shetty,16.709,1,False
James Madison MO,Mishra & Oehler,t & a,25.705,1.815,12,12,James Madison/t.mishra|James Madison/a.oehler,20.259,4,True
Missouri State CN,Cooper & Neal,q & n,25.689,2.327,7,7,Missouri State/q.cooper|Missouri State/n.neal,18.708,2,True
Wake Forest BH,Bellmon & Hale,s & d,25.39,2.362,8,7,Wake Forest/s.bellmon|Wake Forest/d.hale,18.303,2,True
Texas KN,Karunadasa & Naman,s & t,25.375,2.503,6,7,Texas/s.karunadasa|Texas/t.naman,17.866,2,True
Houston TY,Traxler & Yadagiri,p & s,25.215,2.337,8,7,Houston/p.traxler|Houston/s.yadagiri,18.203,2,True
Southern California CS,Channa & Sood,d & d,25.047,2.162,11,11,Southern California/d.channa|Southern California/d.sood,18.562,3,True
Baylor BL,LoCicero & Benton,i & s,24.973,2.346,8,7,Baylor/i.locicero|Baylor/s.benton,17.935,2,True
Michigan BS (Baba/Saudek),Baba & Saudek,m & b,24.793,3.724,3,3,Michigan/m.baba|Michigan/b.saudek,13.623,1,False
Michigan BD,Baba & Davidov,m & r,24.775,3.048,4,4,Michigan/m.baba|Michigan/r.davidov,15.63,1,False
Baylor DB,Darwish & Benton,o & s,24.484,3.599,3,3,Baylor/o.darwish|Baylor/s.benton,13.686,1,False
Missouri State BN,Neal & Bodenhorn,n & a,24.423,3.644,4,3,Missouri State/n.neal|Missouri State/a.bodenhorn,13.49,1,False
James Madison CP,Pelletier & Conway,e & m,24.39,1.434,22,22,James Madison/e.pelletier|James Madison/m.conway,20.087,6,True
Southern California/UC Berkeley OM,Ortega & Marquez,i & a,24.319,2.989,4,4,Southern California/UC Berkeley/i.ortega|Southern California/UC Berkeley/a.marquez,15.351,1,False
Iowa KS,Severson & Kleiman,l & b,24.256,2.622,6,6,Iowa/l.severson|Iowa/b.kleiman,16.392,2,True
Kentucky AE,Augustine & Ervin,m & w,24.234,2.707,6,6,Kentucky/m.augustine|Kentucky/w.ervin,16.114,2,True
North Texas JW (Jones/Wofford),Jones & Wofford,z & j,24.221,1.623,15,15,North Texas/z.jones|North Texas/j.wofford,19.353,4,True
Kansas HM (Harker/McConnell),Harker & McConnell,a & s,24.191,3.276,4,3,Kansas/a.harker|Kansas/s.mcconnell,14.363,1,False
Iowa PS,Patel & Sanderson,v & c,24.082,3.883,2,3,Iowa/v.patel|Iowa/c.sanderson,12.433,1,False
Wichita State MW,McManus & Wentling,g & s,23.845,1.547,16,19,Wichita State/g.mcmanus|Wichita State/s.wentling,19.205,5,True
Dartmouth GM,Guo & Morley,s & k,23.765,3.07,4,4,Dartmouth/s.guo|Dartmouth/k.morley,14.555,1,False
Emory FW,Feldman & Waghray,c & a,23.756,1.532,21,21,Emory/c.feldman|Emory/a.waghray,19.16,6,True
Dartmouth GR,Guo & Rao,s & s,23.737,2.506,7,8,Dartmouth/s.guo|Dartmouth/s.rao,16.22,2,True
Michigan BS (Baba/Simha),Baba & Simha,m & n,23.709,3.349,3,4,Michigan/m.baba|Michigan/n.simha,13.662,1,False
Minnesota HU,Haber-Fawcett & Usenov,b & t,23.706,1.988,11,11,Minnesota/b.haberfawcett|Minnesota/t.usenov,17.741,3,True
Georgetown PV,Valame & Pawley,v & s,23.662,1.638,16,18,Georgetown/v.valame|Georgetown/s.pawley,18.747,5,True
Michigan HS,Hwang & Sanchez,c & h,23.505,7.425,0,1,Michigan/c.hwang|Michigan/h.sanchez,1.229,1,False
Macalester HD,Harrison & Durbin,i & a,23.455,2.355,8,7,Macalester/i.harrison|Macalester/a.durbin,16.39,2,True
Kansas State SS,Sand & Sum,c & r,23.426,2.021,11,10,Kansas State/c.sand|Kansas State/r.sum,17.363,3,True
Wichita State GM,Molina Chavez & Griffith,m & m,23.272,1.486,21,23,Wichita State/m.molinachavez|Wichita State/m.griffith,18.813,6,True
Binghamton KT,Treulich & King,a & a,23.264,2.279,8,7,Binghamton/a.treulich|Binghamton/a.king,16.428,2,True
Michigan State AG,Agrahara & gearring,a & a,23.224,1.989,11,10,Michigan State/a.agrahara|Michigan State/a.gearring,17.258,3,True
Southern Nazarene YH,Horton & Yarborough,i & b,23.208,2.345,7,7,Southern Nazarene/i.horton|Southern Nazarene/b.yarborough,16.172,2,True
Liberty FT,Foos & Turner,p & j,23.077,3.15,3,4,Liberty/p.foos|Liberty/j.turner,13.625,1,False
Samford GP,Gill & Pack,a & l,23.07,1.583,17,17,Samford/a.gill|Samford/l.pack,18.32,5,True
Emory RT,Ravikumar & Tai,a & e,23.053,1.676,15,16,Emory/a.ravikumar|Emory/e.tai,18.025,5,True
West Point OS,Opron & Song,d & j,22.996,3.43,4,4,West Point/d.opron|West Point/j.song,12.705,1,False
West Georgia FK,Forsyth & Kaidar-Heafetz,r & e,22.871,2.455,6,7,West Georgia/r.forsyth|West Georgia/e.kaidarheafetz,15.506,2,True
Oklahoma SW,Smith & Waheed,b & s,22.82,2.311,7,8,Oklahoma/b.smith|Oklahoma/s.waheed,15.888,2,True
Dartmouth GG,Guo & Guddati,s & a,22.756,3.841,3,3,Dartmouth/s.guo|Dartmouth/a.guddati,11.233,1,False
Trinity KM,King & McKinney,b & k,22.719,4.125,2,3,Trinity/b.king|Trinity/k.mckinney,10.346,1,False
Wake Forest DE,Elliott & Dingley,e & m,22.718,3.799,3,3,Wake Forest/e.elliott|Wake Forest/m.dingley,11.32,1,False
Baylor CK,Chatur & Keeler,s & a,22.684,2.566,8,7,Baylor/s.chatur|Baylor/a.keeler,14.988,2,True
Dartmouth BJ,Jones & Ben-Abdallah,j & s,22.659,1.507,18,19,Dartmouth/j.jones|Dartmouth/s.benabdallah,18.139,5,True
Wake Forest HN,Hale & Namikas,d & k,22.595,2.407,8,7,Wake Forest/d.hale|Wake Forest/k.namikas,15.374,2,True
Macalester/Michigan WG,Williams & Gies,e & l,22.562,3.176,4,4,Macalester/Michigan/e.williams|Macalester/Michigan/l.gies,13.035,1,False
Kansas MS,McConnell & Suleman,s & n,22.327,3.655,3,3,Kansas/s.mcconnell|Kansas/n.suleman,11.363,1,False
Kansas HB,Harker & Boyle,a & n,22.29,2.322,7,7,Kansas/a.harker|Kansas/n.boyle,15.325,2,True
Missouri State BK (Burns/Kimmerle),Burns & Kimmerle,c & a,22.207,2.362,7,8,Missouri State/c.burns|Missouri State/a.kimmerle,15.122,2,True
NYU JT,Theiding & Jain,c & a,22.059,3.333,4,3,NYU/c.theiding|NYU/a.jain,12.061,1,False
Purdue AH,Ahmed & Hawksworth,t & r,21.997,3.205,4,4,Purdue/t.ahmed|Purdue/r.hawksworth,12.384,1,False
Southern California MZ,Mirza & Zhang,s & i,21.956,2.48,8,7,Southern California/s.mirza|Southern California/i.zhang,14.515,2,True
Kansas BP,Persinger & Bath,a & c,21.876,3.081,4,4,Kansas/a.persinger|Kansas/c.bath,12.632,1,False
Wake Forest SN,Nguyen & Sampat,k & j,21.801,3.728,3,3,Wake Forest/k.nguyen|Wake Forest/j.sampat,10.618,1,False
Houston KS,Kidd & Schnitzer,r & j,21.798,1.994,11,11,Houston/r.kidd|Houston/j.schnitzer,15.815,3,True
Wyoming HL,Hawley & Lopez,j & m,21.78,4.324,2,3,Wyoming/j.hawley|Wyoming/m.lopez,8.809,1,False
Michigan HL,Hwang & Ledesma,c & g,21.698,3.402,3,4,Michigan/c.hwang|Michigan/g.ledesma,11.492,1,False
Western Kentucky SS,StPeter & Schintgen,j & n,21.639,1.963,11,10,Western Kentucky/j.stpeter|Western Kentucky/n.schintgen,15.75,3,True
Cal State Fullerton WM,Wiessner & Meza,m & j,21.539,2.366,8,7,Cal State Fullerton/m.wiessner|Cal State Fullerton/j.meza,14.442,2,True
Minnesota UW,Wells & Usenov,k & t,21.533,2.55,6,8,Minnesota/k.wells|Minnesota/t.usenov,13.883,2,True
Cal State Fullerton AM,Martinez & Ayyala,d & a,21.129,2.314,7,8,Cal State Fullerton/d.martinez|Cal State Fullerton/a.ayyala,14.186,2,True
Cal State Fullerton DV,Vasquez & Delgado,t & n,21.107,4.037,3,3,Cal State Fullerton/t.vasquez|Cal State Fullerton/n.delgado,8.996,1,False
Michigan BH,Baba & Hwang,m & c,20.835,3.606,4,4,Michigan/m.baba|Michigan/c.hwang,10.018,1,False
Oklahoma DT,Davis & Toro,a & l,20.603,6.131,1,2,Oklahoma/a.davis|Oklahoma/l.toro,2.211,1,False
Michigan State AZ,Zi & Ansari,m & o,20.578,2.485,8,9,Michigan State/m.zi|Michigan State/o.ansari,13.125,3,True
Northwestern AZ,Zimmerman & Arceo,j & a,20.406,2.148,10,10,Northwestern/j.zimmerman|Northwestern/a.arceo,13.962,3,True
Towson CP,Christ & Persaud,d & a,20.319,3.004,4,4,Towson/d.christ|Towson/a.persaud,11.308,1,False
Cal State Fullerton MM,Meza & Martinez,j & d,20.3,2.628,7,6,Cal State Fullerton/j.meza|Cal State Fullerton/d.martinez,12.415,2,True
Missouri State GB,Granger & Bodenhorn,j & a,20.3,3.488,4,4,Missouri State/j.granger|Missouri State/a.bodenhorn,9.835,1,False
UTD DU,D'Antuono & Underwood,j & r,20.109,3.283,3,4,UTD/j.dantuono|UTD/r.underwood,10.26,1,False
Indiana FJ,Fernando & Jain,a & s,20.109,3.613,3,3,Indiana/a.fernando|Indiana/s.jain,9.269,1,False
Wyoming/Towson CC,Campbell & Christ,j & d,20.054,3.242,4,3,Wyoming/j.campbell|Towson/d.christ,10.326,1,False
Missouri State CR,Cowdrey-Mota & Roy,g & a,20.034,3.135,4,3,Missouri State/g.cowdreymota|Missouri State/a.roy,10.628,1,False
George Mason RR,Rodak & Richter,m & d,19.922,2.534,7,6,George Mason/m.rodak|George Mason/d.richter,12.32,2,True
Wake Forest DS,Dingley & Sampat,m & j,19.901,2.43,8,7,Wake Forest/m.dingley|Wake Forest/j.sampat,12.61,2,True
Emory PS,Pelli & Stearns,m & m,19.886,3.798,3,3,Emory/m.pelli|Emory/m.stearns,8.492,1,False
Southwestern SS,Sanchez & Sanchez,a & k,19.718,2.571,7,7,Southwestern/a.sanchez|Southwestern/k.sanchez,12.006,2,True
Kansas State AD,Day & Ardis,t & l,19.635,2.05,12,11,Kansas State/t.day|Kansas State/l.ardis,13.485,3,True
Baylor KB,Keeler & Benton,a & s,19.601,3.141,4,4,Baylor/a.keeler|Baylor/s.benton,10.179,1,False
CSU Long Beach EG,Escobar & Gurrola,a & d,19.379,1.99,10,12,CSU Long Beach/a.escobar|CSU Long Beach/d.gurrola,13.408,3,True
Oklahoma DH,Houston & Davis,r & a,19.335,2.774,5,7,Oklahoma/r.houston|Oklahoma/a.davis,11.014,2,True
Binghamton CN,Cui & Nyberg,i & l,19.178,2.651,8,7,Binghamton/i.cui|Binghamton/l.nyberg,11.226,2,True
UT San Antonio BW,Blazquez & Wilson,s & d,19.077,3.259,3,4,UT San Antonio/s.blazquez|UT San Antonio/d.wilson,9.3,1,False
Wayne State MS,Stanley & Mckenzie,f & t,19.009,5.95,1,1,Wayne State/f.stanley|Wayne State/t.mckenzie,1.159,1,False
Kansas FS,Sharman & Foust,s & a,18.825,2.635,7,7,Kansas/s.sharman|Kansas/a.foust,10.92,2,True
Kansas LD,Levin & Doyle,a & m,18.442,2.151,10,9,Kansas/a.levin|Kansas/m.doyle,11.989,3,True
Wyoming CH,Campbell & Hawley,j & j,18.388,2.715,7,7,Wyoming/j.campbell|Wyoming/j.hawley,10.242,2,True
Missouri State BK (Bodenhorn/Kimmerle),Bodenhorn & Kimmerle,a & a,18.183,3.283,4,4,Missouri State/a.bodenhorn|Missouri State/a.kimmerle,8.335,1,False
Arizona State SS,Smith & Saxena,a & a,18.14,1.873,14,15,Arizona State/a.smith|Arizona State/a.saxena,12.52,4,True
Oklahoma TS,Smith & Toro,b & l,18.047,4.432,3,3,Oklahoma/b.smith|Oklahoma/l.toro,4.752,1,False
Emory TW,Wang & Tai,m & e,17.942,3.501,4,3,Emory/m.wang|Emory/e.tai,7.44,1,False
Cornell DK,Dye & Kohlenberger,m & p,17.819,2.572,8,7,Cornell/m.dye|Cornell/p.kohlenberger,10.104,2,True
Cornell BD,Barratt & Diop,m & a,17.818,2.562,8,6,Cornell/m.barratt|Cornell/a.diop,10.133,2,True
Indiana FS,Fish & Silkes,z & k,17.783,3.684,3,3,Indiana/z.fish|Indiana/k.silkes,6.731,1,False
Emory BS (Bennett/Sanneh),Bennett & Sanneh,k & a,17.715,3.485,4,4,Emory/k.bennett|Emory/a.sanneh,7.261,1,False
Kansas MF,Martinez & Foust,i & a,17.672,3.7,4,2,Kansas/i.martinez|Kansas/a.foust,6.573,1,False
Western Kentucky CS,Clementi & Shockley,a & c,17.647,2.271,10,10,Western Kentucky/a.clementi|Western Kentucky/c.shockley,10.835,3,True
Liberty FH,Foos & Hoegerl,p & j,17.609,4.066,3,3,Liberty/p.foos|Liberty/j.hoegerl,5.413,1,False
Liberty LT,Layton & Turner,e & j,17.593,3.316,4,4,Liberty/e.layton|Liberty/j.turner,7.644,1,False
Oklahoma LM,Morales & Lemaster,n & b,17.458,3.549,4,4,Oklahoma/n.morales|Oklahoma/b.lemaster,6.81,1,False
Minnesota HK,Haber-Fawcett & Kathner,b & v,17.236,3.726,4,3,Minnesota/b.haberfawcett|Minnesota/v.kathner,6.057,1,False
Oklahoma AW,Waheed & Asbury,s & b,17.01,3.391,4,4,Oklahoma/s.waheed|Oklahoma/b.asbury,6.836,1,False
Northwestern RY,Ramesh & Ye,m & b,17.003,3.788,4,5,Northwestern/m.ramesh|Northwestern/b.ye,5.64,2,True
Wyoming CG,Campbell & Glennie,j & a,16.879,4.452,3,2,Wyoming/j.campbell|Wyoming/a.glennie,3.524,1,False
Oklahoma AT,Asbury & Toro,b & l,16.671,2.673,7,8,Oklahoma/b.asbury|Oklahoma/l.toro,8.654,2,True
Southern Nazarene HC,Horton & Cruzan,i & t,16.652,2.74,7,7,Southern Nazarene/i.horton|Southern Nazarene/t.cruzan,8.431,2,True
Macalester DD,Durbin & Daniels,a & j,16.626,3.569,4,4,Macalester/a.durbin|Macalester/j.daniels,5.918,1,False
Kansas State RS,Robertson & Spurlock,d & c,16.007,2.651,7,8,Kansas State/d.robertson|Kansas State/c.spurlock,8.056,2,True
Michigan AL,Audet-Abdulnour & Ledesma,s & g,15.955,3.953,3,3,Michigan/s.audetabdulnour|Michigan/g.ledesma,4.097,1,False
Navy LS,Lawrence & Satterfield,j & g,15.921,2.212,11,11,Navy/j.lawrence|Navy/g.satterfield,9.285,3,True
Northern Iowa DV,Van Buren & Doyle,k & b,15.88,2.799,8,8,Northern Iowa/k.vanburen|Northern Iowa/b.doyle,7.481,2,True
Rochester OR,Ozcayir & Rahman,l & a,15.704,2.835,7,7,Rochester/l.ozcayir|Rochester/a.rahman,7.199,2,True
Purdue FH,Fleischhacker & Hawksworth,l & r,15.377,3.823,3,4,Purdue/l.fleischhacker|Purdue/r.hawksworth,3.908,1,False
Dartmouth MM,Morley & Mao,k & e,15.298,2.454,10,9,Dartmouth/k.morley|Dartmouth/e.mao,7.936,3,True
Southern Nazarene BS,Baker & Stockstill,k & k,15.259,3.786,4,4,Southern Nazarene/k.baker|Southern Nazarene/k.stockstill,3.902,1,False
Southern California LK,Lopez & Khan,a & s,15.145,3.479,4,4,Southern California/a.lopez|Southern California/s.khan,4.708,1,False
North Texas JW (Jackson/Wofford),Jackson & Wofford,e & j,15.127,4.192,3,3,North Texas/e.jackson|North Texas/j.wofford,2.552,1,False
Central Oklahoma WS,Smith & Walker,l & k,15.092,3.234,4,4,Central Oklahoma/l.smith|Central Oklahoma/k.walker,5.389,1,False
Kansas HM (Martinez/Hernandez),Martinez & Hernandez,i & e,15.001,3.564,4,4,Kansas/i.martinez|Kansas/e.hernandez,4.31,1,False
Cal State Fullerton AG,Ayyala & Guansing,a & k,14.995,4.106,3,3,Cal State Fullerton/a.ayyala|Cal State Fullerton/k.guansing,2.678,1,False
Missouri State CT,Tooley & Cowdrey-Mota,k & g,14.562,4.1,4,3,Missouri State/k.tooley|Missouri State/g.cowdreymota,2.262,1,False
Trinity MB,Barden & McKinney,g & k,13.436,3.482,3,4,Trinity/g.barden|Trinity/k.mckinney,2.991,1,False
Harvard FK,Kundu & Facey,k & z,13.197,2.046,15,13,Harvard/k.kundu|Harvard/z.facey,7.057,4,True
Missouri State BG,Burns & Granger,c & j,13.162,4.602,4,3,Missouri State/c.burns|Missouri State/j.granger,-0.643,1,False
Southern Nazarene HY,Hough & Yarborough,t & b,13.052,3.857,4,4,Southern Nazarene/t.hough|Southern Nazarene/b.yarborough,1.48,1,False
Indiana FM,Fish & Midithuri,z & s,12.723,2.821,14,12,Indiana/z.fish|Indiana/s.midithuri,4.261,4,True
Cal State Fullerton DR,Delgado & Ryals,n & l,12.584,4.766,3,3,Cal State Fullerton/n.delgado|Cal State Fullerton/l.ryals,-1.715,1,False
Missouri State AB,Bodenhorn & Abdelhakiem,a & a,12.389,4.664,3,3,Missouri State/a.bodenhorn|Missouri State/a.abdelhakiem,-1.602,1,False
Cornell DL,Dye & Lim,m & h,12.279,3.194,6,8,Cornell/m.dye|Cornell/h.lim,2.699,2,True
Georgetown/American University (Policy Debate) VY,Valame & Yoon,v & j,11.706,4.975,3,3,Georgetown/v.valame|Georgetown/American University (Policy Debate)/j.yoon,-3.218,1,False
Boston College CS,Cheek & Sexton,c & j,11.621,4.844,3,3,Boston College/c.cheek|Boston College/j.sexton,-2.91,1,False
Samford HS,Hammond & Scott,m & g,11.242,4.861,3,3,Samford/m.hammond|Samford/g.scott,-3.343,1,False
Baylor LP,LoCicero & Pertuit,i & k,10.698,4.812,2,3,Baylor/i.locicero|Baylor/k.pertuit,-3.739,1,False
Kansas EM,Mott & Eckert,h & k,9.985,4.592,4,3,Kansas/h.mott|Kansas/k.eckert,-3.79,1,False
Cal State Fullerton PP,Perez Rivas & Perez Rivas,b & d,9.684,4.368,4,4,Cal State Fullerton/b.perezrivas|Cal State Fullerton/d.perezrivas,-3.419,1,False
Binghamton TP,Treulich & Patel,a & n,7.391,4.245,4,4,Binghamton/a.treulich|Binghamton/n.patel,-5.345,1,False
