Team,Debaters,Mu,Sigma,Aff_Rounds,Neg_Rounds,Conservative
Emory GY,Gallagher & Young,45.135,2.513,10,10,37.596
Michigan ES,Esmailzadeh & Shah,41.725,2.335,9,9,34.721
Michigan BS,Barrett & Song,41.634,2.073,12,14,35.416
Michigan CS,Chamarthy & Shetty,39.484,2.214,8,11,32.843
Kansas UO,Ulven & Owings,38.9,1.849,10,14,33.354
Dartmouth CG,Cai & Goldberg,36.816,1.67,14,12,31.807
Emory SY,Stumpff & Yang,36.808,1.874,10,10,31.187
UTD DH,Dickey & Hale,35.867,2.014,8,11,29.825
UC Berkeley BM,Boguslavsky & Modi,35.224,2.039,9,10,29.108
Michigan State LM,Lewis & Martin,34.811,1.879,11,12,29.174
Northwestern LT,Li & Tahirkheli,34.668,2.082,10,8,28.421
Kansas SS,Shaw & Suleman,34.37,1.968,9,10,28.467
Iowa EW,Eltyeb & Weimar,34.339,1.976,9,9,28.41
Wake Forest BS,Brown & Sencion,34.274,2.144,9,8,27.842
Wake Forest LP,Leverett & Patel,33.65,2.059,9,8,27.472
CSU Long Beach EM,Escobar & Medina,32.989,1.788,11,11,27.625
Iowa KP,Parfenoff & Kleiman,32.96,1.984,8,9,27.008
Northwestern LP,Leonard & Peng,31.903,2.342,8,7,24.878
Liberty CL,Cunningham & Layton,31.725,1.97,7,9,25.817
Harvard HL,Howard & Li,31.598,2.23,7,8,24.909
Kansas BF,Falin & Blaser,31.591,2.136,8,7,25.182
Michigan GV,George & Vadathavoor,31.557,2.354,7,8,24.495
Northwestern JP,Jayaratne & Patterson,31.353,2.137,9,8,24.943
Michigan State JS,Jarman & Shehzad,31.231,2.062,8,7,25.044
Northwestern CY,Camp & Yao,31.175,2.176,9,7,24.649
George Mason CD,Davis & clough,31.036,2.265,8,7,24.241
Michigan AO,Agustin & Ou,30.62,2.073,6,7,24.4
Michigan AC,Almand & Chalamalasetti,30.565,2.428,6,7,23.281
Harvard AB,Aoki & Bodet,30.549,2.15,8,7,24.098
Georgetown LN,Lastelick & Nanji,30.389,2.302,7,7,23.484
Emory AT,Aggarwal & Taylor,30.273,2.218,7,7,23.621
Kansas BS,Brown & Suleman,30.206,2.327,7,7,23.224
Kentucky RS,Schedler & Rimpson,30.182,2.063,8,8,23.993
George Mason WW,Witkov & Wright,29.414,2.1,8,8,23.114
Michigan State FM,Foster & Morris,29.158,2.654,6,5,21.196
Western Kentucky KN,Kumar & Ney,29.151,1.972,7,8,23.234
Western Kentucky IN,Niendorf & Ingram,29.141,2.12,9,8,22.782
Kansas BB,Bath & Boyle,28.985,2.042,8,8,22.86
Kansas AW,Ain & Walawender,28.92,2.04,8,7,22.799
Dartmouth BC,Ben-Abdallah & Carpenter,28.453,2.313,7,7,21.514
Southern California MT,Troup & Mills,28.411,2.174,7,7,21.888
Georgetown GT,Greenberg & Tamfu,28.1,2.197,7,7,21.509
Emory HT,Hight & Tharp,28.097,2.487,7,7,20.637
Southern California BM,Bradley & Martin,28.063,2.065,9,7,21.867
Wake Forest AM,Aderibigbe & Mbye,28.053,2.294,7,7,21.17
Michigan State BS,Buhl & sterbenc,27.782,2.408,7,7,20.558
Kansas BT,Baxter-Kauf & Terreros,27.715,2.529,7,7,20.129
Northwestern KM,Kung & Miramontes,27.519,2.439,7,7,20.2
Georgia CP,Cannon & Pack,27.466,2.248,7,7,20.723
Kentucky CS,Coale & Slish,27.311,2.179,10,10,20.774
Emory OP,okahata & Park,27.187,2.211,7,7,20.555
Michigan State KP,Kincaid & Patel,26.714,2.738,7,7,18.499
Michigan FP,Pazona & Furtek,26.613,2.346,7,7,19.576
Dartmouth RS,Rao & Song,26.613,2.289,7,7,19.747
Georgetown CL,Li & Ciancanelli,26.586,2.492,6,7,19.111
Emory MW,Mansoor & Walsh,26.065,2.524,7,7,18.492
Georgetown BP,Perez-Rubio & Barbiere,26.019,2.285,7,7,19.165
UC Berkeley GS,Gilrain-Lennon & Situ,25.572,2.39,7,7,18.402
Houston FI,Fernandez & Ibarra,25.563,2.258,7,7,18.79
Western Kentucky CS,Carter & Schintgen,25.498,2.179,7,7,18.961
Wichita State GM,Griffith & Mallett,25.145,2.889,4,5,16.479
Kansas PL,Pace & LaPoint,24.737,2.227,7,7,18.057
Michigan BB,Brashear & Byron-Smarra,24.641,2.351,7,7,17.588
Oklahoma BW,Ballinger & Wright,24.137,2.384,7,6,16.985
Baylor BK,Benton & Keeler,23.849,2.203,7,7,17.24
Wake Forest LW,Laforest & Williams,23.237,2.347,7,7,16.194
Wyoming HW,Hawley & Widi,22.946,2.211,7,7,16.313
Wake Forest NS,Sampat & Nounawon-Castro,22.91,2.3,7,7,16.01
Wake Forest HN,Hale & Namikas,22.835,2.304,6,6,15.923
Michigan AD,Athanassiou & Davidov,22.757,2.735,7,7,14.55
Gonzaga MP,Murray & Pascas,22.489,2.378,7,7,15.356
Kansas FH,Fordyce & Hasiuk,22.152,2.513,7,7,14.613
Southern California LP,Lee & Plotkin,22.117,2.3,7,7,15.219
Texas GS,Garza & Stevenson,21.986,2.563,7,7,14.297
Missouri State DS,DeAngelis & Siever,21.265,2.445,7,6,13.931
Iowa BS,Bilicki & Severson,21.125,2.302,7,7,14.218
Dartmouth HH,Hatton & Hilario-Peralta,20.887,2.374,7,7,13.764
Indiana TF,Truemper & Fish,18.705,2.388,7,7,11.542
Western Kentucky HM,Hendrix & Mike,15.907,2.772,7,7,7.59
Baylor MM,Marek & Mathews,15.547,2.767,6,7,7.246
Indiana DJ,Duggal & Jones,14.689,2.643,7,7,6.76
West Georgia HL,Lovering & Handley,12.499,3.307,5,6,2.58
Gonzaga AG,atkin & Gibson,9.699,2.932,7,7,0.902
Emory GW,granchi & Wang,9.211,3.464,7,6,-1.181
